temp,hum,prediction
0.1460436,0.3121251,3152.791764484249
0.16149715454545455,0.3121251,3155.504805293773
0.1769507090909091,0.3121251,3162.7256869860807
0.19240426363636365,0.3121251,3180.0591549341325
0.2078578181818182,0.3121251,3188.8014399817516
0.22331137272727275,0.3121251,3226.706460521434
0.2387649272727273,0.3121251,3245.3831611587966
0.25421848181818185,0.3121251,3285.3594768943417
0.2696720363636364,0.3121251,3384.752705434025
0.28512559090909095,0.3121251,3623.1123705121972
0.3005791454545455,0.3121251,3659.8753990994987
0.31603270000000006,0.3121251,3688.1545891492383
0.3314862545454546,0.3121251,3739.6302716612818
0.34693980909090916,0.3121251,3808.0542705014946
0.3623933636363637,0.3121251,3851.471599399042
0.37784691818181826,0.3121251,3885.9094617869873
0.3933004727272728,0.3121251,4057.255914458538
0.40875402727272736,0.3121251,4082.3424224578166
0.4242075818181819,0.3121251,4304.33951535725
0.43966113636363646,0.3121251,4486.652540791498
0.455114690909091,0.3121251,4713.908391569246
0.47056824545454556,0.3121251,4965.085578420693
0.4860218000000001,0.3121251,5044.879317021508
0.5014753545454547,0.3121251,5071.796184554867
0.5169289090909093,0.3121251,5184.1661247563325
0.5323824636363638,0.3121251,5216.754554232523
0.5478360181818183,0.3121251,5243.085916010301
0.5632895727272729,0.3121251,5256.325224944367
0.5787431272727275,0.3121251,5262.5609516110335
0.594196681818182,0.3121251,5272.209509841803
0.6096502363636365,0.3121251,5289.383900374016
0.6251037909090911,0.3121251,5282.7183665962375
0.6405573454545457,0.3121251,5287.534531064899
0.6560109000000003,0.3121251,5283.165419910838
0.6714644545454547,0.3121251,5272.633368482267
0.6869180090909093,0.3121251,5269.734803371155
0.7023715636363639,0.3121251,5257.027419498139
0.7178251181818185,0.3121251,5249.681067456672
0.7332786727272729,0.3121251,5210.660328967188
0.7487322272727275,0.3121251,5166.503278570652
0.7641857818181821,0.3121251,5111.38664617032
0.7796393363636367,0.3121251,5052.9794707755245
0.7950928909090911,0.3121251,5015.7190501653895
0.8105464454545457,0.3121251,4917.714287767343
0.8260000000000003,0.3121251,4853.612852359529
0.1460436,0.32612036818181817,3161.234224579487
0.16149715454545455,0.32612036818181817,3163.947265389011
0.1769507090909091,0.32612036818181817,3171.1681470813187
0.19240426363636365,0.32612036818181817,3188.501615029371
0.2078578181818182,0.32612036818181817,3197.2292400769898
0.22331137272727275,0.32612036818181817,3235.134260616672
0.2387649272727273,0.32612036818181817,3253.8109612540347
0.25421848181818185,0.32612036818181817,3293.78727698958
0.2696720363636364,0.32612036818181817,3391.6782061959293
0.28512559090909095,0.32612036818181817,3631.163531274102
0.3005791454545455,0.32612036818181817,3668.0712718614036
0.31603270000000006,0.32612036818181817,3696.4373319111432
0.3314862545454546,0.32612036818181817,3747.8743104231867
0.34693980909090916,0.32612036818181817,3817.7180872633994
0.3623933636363637,0.32612036818181817,3861.135416160947
0.37784691818181826,0.32612036818181817,3894.4400365488923
0.3933004727272728,0.32612036818181817,4065.5995912204426
0.40875402727272736,0.32612036818181817,4090.615965886388
0.4242075818181819,0.32612036818181817,4313.931508785821
0.43966113636363646,0.32612036818181817,4496.249156220069
0.455114690909091,0.32612036818181817,4718.118904997818
0.47056824545454556,0.32612036818181817,4972.294217182599
0.4860218000000001,0.32612036818181817,5052.0886897834125
0.5014753545454547,0.32612036818181817,5079.122067316772
0.5169289090909093,0.32612036818181817,5192.235537518237
0.5323824636363638,0.32612036818181817,5224.947113661095
0.5478360181818183,0.32612036818181817,5250.530387438872
0.5632895727272729,0.32612036818181817,5263.776956372938
0.5787431272727275,0.32612036818181817,5270.314825039605
0.594196681818182,0.32612036818181817,5279.963383270374
0.6096502363636365,0.32612036818181817,5297.137773802587
0.6251037909090911,0.32612036818181817,5290.472240024809
0.6405573454545457,0.32612036818181817,5295.27168449347
0.6560109000000003,0.32612036818181817,5290.838626672742
0.6714644545454547,0.32612036818181817,5280.306575244171
0.6869180090909093,0.32612036818181817,5277.40801013306
0.7023715636363639,0.32612036818181817,5264.624434260045
0.7178251181818185,0.32612036818181817,5257.278082218578
0.7332786727272729,0.32612036818181817,5218.098631729093
0.7487322272727275,0.32612036818181817,5173.505773332557
0.7641857818181821,0.32612036818181817,5116.6594328369865
0.7796393363636367,0.32612036818181817,5057.754015442191
0.7950928909090911,0.32612036818181817,5020.0767548320555
0.8105464454545457,0.32612036818181817,4922.092152434009
0.8260000000000003,0.32612036818181817,4856.599980359529
0.1460436,0.34011563636363634,3165.101878579487
0.16149715454545455,0.34011563636363634,3167.8149193890113
0.1769507090909091,0.34011563636363634,3175.035801081319
0.19240426363636365,0.34011563636363634,3192.369269029371
0.2078578181818182,0.34011563636363634,3201.09689407699
0.22331137272727275,0.34011563636363634,3239.020388616672
0.2387649272727273,0.34011563636363634,3257.9034892540344
0.25421848181818185,0.34011563636363634,3298.4041996562464
0.2696720363636364,0.34011563636363634,3397.739293529263
0.28512559090909095,0.34011563636363634,3637.878738607435
0.3005791454545455,0.34011563636363634,3675.251583194737
0.31603270000000006,0.34011563636363634,3703.6631352444765
0.3314862545454546,0.34011563636363634,3755.218780423186
0.34693980909090916,0.34011563636363634,3825.357649930066
0.3623933636363637,0.34011563636363634,3868.7749788276133
0.37784691818181826,0.34011563636363634,3901.9810458822253
0.3933004727272728,0.34011563636363634,4073.777716553776
0.40875402727272736,0.34011563636363634,4098.901857886388
0.4242075818181819,0.34011563636363634,4321.852943452488
0.43966113636363646,0.34011563636363634,4504.747548220069
0.455114690909091,0.34011563636363634,4728.113345664485
0.47056824545454556,0.34011563636363634,4981.253717849265
0.4860218000000001,0.34011563636363634,5062.068410450079
0.5014753545454547,0.34011563636363634,5089.346611983438
0.5169289090909093,0.34011563636363634,5201.066175518237
0.5323824636363638,0.34011563636363634,5233.806471661094
0.5478360181818183,0.34011563636363634,5259.322358772206
0.5632895727272729,0.34011563636363634,5273.044546372938
0.5787431272727275,0.34011563636363634,5279.855365706272
0.594196681818182,0.34011563636363634,5289.523345937041
0.6096502363636365,0.34011563636363634,5306.773912469253
0.6251037909090911,0.34011563636363634,5300.249806691476
0.6405573454545457,0.34011563636363634,5305.071351160137
0.6560109000000003,0.34011563636363634,5300.589073339409
0.6714644545454547,0.34011563636363634,5289.811489910838
0.6869180090909093,0.34011563636363634,5286.780904799727
0.7023715636363639,0.34011563636363634,5273.997328926711
0.7178251181818185,0.34011563636363634,5266.611856885244
0.7332786727272729,0.34011563636363634,5227.432406395759
0.7487322272727275,0.34011563636363634,5182.598587999223
0.7641857818181821,0.34011563636363634,5125.628420836986
0.7796393363636367,0.34011563636363634,5065.897272108858
0.7950928909090911,0.34011563636363634,5027.769811498722
0.8105464454545457,0.34011563636363634,4929.154509767343
0.8260000000000003,0.34011563636363634,4863.363803692861
0.1460436,0.3541109045454546,3166.4336759128205
0.16149715454545455,0.3541109045454546,3169.1290767223445
0.1769507090909091,0.3541109045454546,3176.353058414652
0.19240426363636365,0.3541109045454546,3193.686526362704
0.2078578181818182,0.3541109045454546,3202.414151410323
0.22331137272727275,0.3541109045454546,3240.3376459500055
0.2387649272727273,0.3541109045454546,3259.2207465873676
0.25421848181818185,0.3541109045454546,3299.74032698958
0.2696720363636364,0.3541109045454546,3399.017774862596
0.28512559090909095,0.3541109045454546,3638.9423879407686
0.3005791454545455,0.3541109045454546,3678.5002985280703
0.31603270000000006,0.3541109045454546,3707.00284657781
0.3314862545454546,0.3541109045454546,3758.4545717565197
0.34693980909090916,0.3541109045454546,3828.6063012633995
0.3623933636363637,0.3541109045454546,3872.9010034942803
0.37784691818181826,0.3541109045454546,3907.422260548892
0.3933004727272728,0.3541109045454546,4079.4867412204426
0.40875402727272736,0.3541109045454546,4104.957297219721
0.4242075818181819,0.3541109045454546,4328.742741452488
0.43966113636363646,0.3541109045454546,4508.668420220069
0.455114690909091,0.3541109045454546,4732.723200997818
0.47056824545454556,0.3541109045454546,4988.729512515932
0.4860218000000001,0.3541109045454546,5069.919222450079
0.5014753545454547,0.3541109045454546,5097.233697316772
0.5169289090909093,0.3541109045454546,5207.870770851571
0.5323824636363638,0.3541109045454546,5240.611066994428
0.5478360181818183,0.3541109045454546,5266.126954105539
0.5632895727272729,0.3541109045454546,5279.760255706272
0.5787431272727275,0.3541109045454546,5286.722025039605
0.594196681818182,0.3541109045454546,5296.494173270375
0.6096502363636365,0.3541109045454546,5314.0090891359205
0.6251037909090911,0.3541109045454546,5307.413876691476
0.6405573454545457,0.3541109045454546,5312.235421160138
0.6560109000000003,0.3541109045454546,5307.672125339409
0.6714644545454547,0.3541109045454546,5296.649661910838
0.6869180090909093,0.3541109045454546,5293.163568799727
0.7023715636363639,0.3541109045454546,5280.366152926711
0.7178251181818185,0.3541109045454546,5272.974152885245
0.7332786727272729,0.3541109045454546,5233.7664023957595
0.7487322272727275,0.3541109045454546,5188.85045066589
0.7641857818181821,0.3541109045454546,5131.796831503653
0.7796393363636367,0.3541109045454546,5071.058368775524
0.7950928909090911,0.3541109045454546,5032.183834165389
0.8105464454545457,0.3541109045454546,4933.568532434009
0.8260000000000003,0.3541109045454546,4867.675226359529
0.1460436,0.36810617272727275,3169.5256659128204
0.16149715454545455,0.36810617272727275,3172.2210667223444
0.1769507090909091,0.36810617272727275,3179.502236414652
0.19240426363636365,0.36810617272727275,3196.7862963627044
0.2078578181818182,0.36810617272727275,3205.64601207699
0.22331137272727275,0.36810617272727275,3243.333490616672
0.2387649272727273,0.36810617272727275,3262.1755592540344
0.25421848181818185,0.36810617272727275,3302.69325698958
0.2696720363636364,0.36810617272727275,3401.615924862596
0.28512559090909095,0.36810617272727275,3641.584031274102
0.3005791454545455,0.36810617272727275,3681.1419418614037
0.31603270000000006,0.36810617272727275,3709.644489911143
0.3314862545454546,0.36810617272727275,3761.083975089853
0.34693980909090916,0.36810617272727275,3831.3250845967327
0.3623933636363637,0.36810617272727275,3875.6694068276133
0.37784691818181826,0.36810617272727275,3910.1011438822256
0.3933004727272728,0.36810617272727275,4082.128344553776
0.40875402727272736,0.36810617272727275,4107.567697886388
0.4242075818181819,0.36810617272727275,4330.097280119155
0.43966113636363646,0.36810617272727275,4510.022326886736
0.455114690909091,0.36810617272727275,4734.179550331151
0.47056824545454556,0.36810617272727275,4990.108555182598
0.4860218000000001,0.36810617272727275,5070.809035783413
0.5014753545454547,0.36810617272727275,5098.123510650105
0.5169289090909093,0.36810617272727275,5207.730538184904
0.5323824636363638,0.36810617272727275,5240.406354327762
0.5478360181818183,0.36810617272727275,5265.922241438872
0.5632895727272729,0.36810617272727275,5279.555543039605
0.5787431272727275,0.36810617272727275,5286.521720372938
0.594196681818182,0.36810617272727275,5296.275204603708
0.6096502363636365,0.36810617272727275,5313.753176469254
0.6251037909090911,0.36810617272727275,5307.164104024809
0.6405573454545457,0.36810617272727275,5311.985648493471
0.6560109000000003,0.36810617272727275,5307.559632672743
0.6714644545454547,0.36810617272727275,5296.537169244171
0.6869180090909093,0.36810617272727275,5293.02720413306
0.7023715636363639,0.36810617272727275,5280.229788260045
0.7178251181818185,0.36810617272727275,5272.829264218578
0.7332786727272729,0.36810617272727275,5233.621513729093
0.7487322272727275,0.36810617272727275,5188.773729999223
0.7641857818181821,0.36810617272727275,5131.720110836986
0.7796393363636367,0.36810617272727275,5071.003931442191
0.7950928909090911,0.36810617272727275,5032.129396832056
0.8105464454545457,0.36810617272727275,4933.468959100676
0.8260000000000003,0.36810617272727275,4867.575653026195
0.1460436,0.38210144090909093,3165.889438579487
0.16149715454545455,0.38210144090909093,3168.838995389011
0.1769507090909091,0.38210144090909093,3176.0946050813186
0.19240426363636365,0.38210144090909093,3192.9034570293707
0.2078578181818182,0.38210144090909093,3201.831679410323
0.22331137272727275,0.38210144090909093,3239.7413312833387
0.2387649272727273,0.38210144090909093,3258.3673879207013
0.25421848181818185,0.38210144090909093,3298.62210098958
0.2696720363636364,0.38210144090909093,3396.845643529263
0.28512559090909095,0.38210144090909093,3637.4318299407687
0.3005791454545455,0.38210144090909093,3677.4338205280706
0.31603270000000006,0.38210144090909093,3706.29835657781
0.3314862545454546,0.38210144090909093,3757.9506317565197
0.34693980909090916,0.38210144090909093,3830.029240596733
0.3623933636363637,0.38210144090909093,3874.7933168276136
0.37784691818181826,0.38210144090909093,3909.065133215559
0.3933004727272728,0.38210144090909093,4081.6440198871096
0.40875402727272736,0.38210144090909093,4107.347369219721
0.4242075818181819,0.38210144090909093,4327.870276785821
0.43966113636363646,0.38210144090909093,4507.206586886736
0.455114690909091,0.38210144090909093,4730.481735664484
0.47056824545454556,0.38210144090909093,4985.889951182598
0.4860218000000001,0.38210144090909093,5067.432391783413
0.5014753545454547,0.38210144090909093,5094.713714650105
0.5169289090909093,0.38210144090909093,5203.5472815182375
0.5323824636363638,0.38210144090909093,5236.108793661095
0.5478360181818183,0.38210144090909093,5261.465576772206
0.5632895727272729,0.38210144090909093,5275.256331706272
0.5787431272727275,0.38210144090909093,5283.125479039605
0.594196681818182,0.38210144090909093,5292.878963270374
0.6096502363636365,0.38210144090909093,5310.333841802587
0.6251037909090911,0.38210144090909093,5303.744769358143
0.6405573454545457,0.38210144090909093,5308.566313826804
0.6560109000000003,0.38210144090909093,5304.140298006076
0.6714644545454547,0.38210144090909093,5293.117834577504
0.6869180090909093,0.38210144090909093,5289.607869466394
0.7023715636363639,0.38210144090909093,5276.810453593378
0.7178251181818185,0.38210144090909093,5268.942601551911
0.7332786727272729,0.38210144090909093,5229.7397150624265
0.7487322272727275,0.38210144090909093,5185.9708139992235
0.7641857818181821,0.38210144090909093,5128.944314836986
0.7796393363636367,0.38210144090909093,5068.099359442192
0.7950928909090911,0.38210144090909093,5029.438192832056
0.8105464454545457,0.38210144090909093,4931.291911100676
0.8260000000000003,0.38210144090909093,4865.3584650261955
0.1460436,0.3960967090909091,3160.735004579487
0.16149715454545455,0.3960967090909091,3163.684561389011
0.1769507090909091,0.3960967090909091,3170.9288110813186
0.19240426363636365,0.3960967090909091,3187.7666496960373
0.2078578181818182,0.3960967090909091,3196.6948720769897
0.22331137272727275,0.3960967090909091,3234.6045239500054
0.2387649272727273,0.3960967090909091,3255.5350565873678
0.25421848181818185,0.3960967090909091,3295.8011296562468
0.2696720363636364,0.3960967090909091,3394.7782735292626
0.28512559090909095,0.3960967090909091,3636.171087274102
0.3005791454545455,0.3960967090909091,3676.0981485280704
0.31603270000000006,0.3960967090909091,3705.3904979111435
0.3314862545454546,0.3960967090909091,3757.4783224231865
0.34693980909090916,0.3960967090909091,3829.4189752633997
0.3623933636363637,0.3960967090909091,3874.93059949428
0.37784691818181826,0.3960967090909091,3908.8068078822253
0.3933004727272728,0.3960967090909091,4080.806183220443
0.40875402727272736,0.3960967090909091,4109.176065219722
0.4242075818181819,0.3960967090909091,4332.691998785822
0.43966113636363646,0.3960967090909091,4511.9776095534025
0.455114690909091,0.3960967090909091,4738.324718997818
0.47056824545454556,0.3960967090909091,4993.689784992122
0.4860218000000001,0.3960967090909091,5074.640831592937
0.5014753545454547,0.3960967090909091,5099.434386459629
0.5169289090909093,0.3960967090909091,5207.621126661094
0.5323824636363638,0.3960967090909091,5240.217742803952
0.5478360181818183,0.3960967090909091,5263.178281915063
0.5632895727272729,0.3960967090909091,5276.657898182462
0.5787431272727275,0.3960967090909091,5284.527045515795
0.594196681818182,0.3960967090909091,5294.280529746565
0.6096502363636365,0.3960967090909091,5311.524672278778
0.6251037909090911,0.3960967090909091,5304.935599834333
0.6405573454545457,0.3960967090909091,5309.757144302995
0.6560109000000003,0.3960967090909091,5305.331128482267
0.6714644545454547,0.3960967090909091,5294.387985053695
0.6869180090909093,0.3960967090909091,5290.878019942584
0.7023715636363639,0.3960967090909091,5278.071870736235
0.7178251181818185,0.3960967090909091,5270.097654694769
0.7332786727272729,0.3960967090909091,5230.894768205283
0.7487322272727275,0.3960967090909091,5187.242003142081
0.7641857818181821,0.3960967090909091,5130.25698664651
0.7796393363636367,0.3960967090909091,5069.129631251715
0.7950928909090911,0.3960967090909091,5030.55099264158
0.8105464454545457,0.3960967090909091,4932.3468949102
0.8260000000000003,0.3960967090909091,4866.4134488357195
0.1460436,0.4100919772727273,3163.9987432461535
0.16149715454545455,0.4100919772727273,3166.9483000556775
0.1769507090909091,0.4100919772727273,3174.2683377479852
0.19240426363636365,0.4100919772727273,3191.249076362704
0.2078578181818182,0.4100919772727273,3200.31465007699
0.22331137272727275,0.4100919772727273,3238.6896906166717
0.2387649272727273,0.4100919772727273,3259.626233920701
0.25421848181818185,0.4100919772727273,3300.2347323229133
0.2696720363636364,0.4100919772727273,3399.696022862596
0.28512559090909095,0.4100919772727273,3638.314711274102
0.3005791454545455,0.4100919772727273,3678.3997858614034
0.31603270000000006,0.4100919772727273,3708.3552899111432
0.3314862545454546,0.4100919772727273,3760.3819990898533
0.34693980909090916,0.4100919772727273,3831.5687472633995
0.3623933636363637,0.4100919772727273,3878.0373668276134
0.37784691818181826,0.4100919772727273,3912.5085838822256
0.3933004727272728,0.4100919772727273,4085.6093332204427
0.40875402727272736,0.4100919772727273,4113.8084552197215
0.4242075818181819,0.4100919772727273,4337.235385452488
0.43966113636363646,0.4100919772727273,4513.644366886736
0.455114690909091,0.4100919772727273,4738.180570997818
0.47056824545454556,0.4100919772727273,4991.446964992122
0.4860218000000001,0.4100919772727273,5072.786218259604
0.5014753545454547,0.4100919772727273,5097.882279792962
0.5169289090909093,0.4100919772727273,5206.048035994428
0.5323824636363638,0.4100919772727273,5238.3227521372855
0.5478360181818183,0.4100919772727273,5259.299804581729
0.5632895727272729,0.4100919772727273,5272.77942084913
0.5787431272727275,0.4100919772727273,5280.652848182463
0.594196681818182,0.4100919772727273,5290.414372413232
0.6096502363636365,0.4100919772727273,5307.674310945445
0.6251037909090911,0.4100919772727273,5301.115030501
0.6405573454545457,0.4100919772727273,5307.849441636328
0.6560109000000003,0.4100919772727273,5303.4366178156
0.6714644545454547,0.4100919772727273,5292.486274387029
0.6869180090909093,0.4100919772727273,5288.810709275917
0.7023715636363639,0.4100919772727273,5275.090078736235
0.7178251181818185,0.4100919772727273,5267.078070694768
0.7332786727272729,0.4100919772727273,5227.890104205283
0.7487322272727275,0.4100919772727273,5184.809825142081
0.7641857818181821,0.4100919772727273,5127.94257664651
0.7796393363636367,0.4100919772727273,5066.615349918382
0.7950928909090911,0.4100919772727273,5028.110867308246
0.8105464454545457,0.4100919772727273,4929.717681576867
0.8260000000000003,0.4100919772727273,4863.839755502386
0.1460436,0.42408724545454546,3145.35625791282
0.16149715454545455,0.42408724545454546,3148.283142722344
0.1769507090909091,0.42408724545454546,3155.7818677479854
0.19240426363636365,0.42408724545454546,3174.396970362704
0.2078578181818182,0.42408724545454546,3183.6069480769897
0.22331137272727275,0.42408724545454546,3219.704137950005
0.2387649272727273,0.42408724545454546,3245.4452785873677
0.25421848181818185,0.42408724545454546,3285.7623056562466
0.2696720363636364,0.42408724545454546,3391.282354195929
0.28512559090909095,0.42408724545454546,3630.255369274102
0.3005791454545455,0.42408724545454546,3671.8716918614036
0.31603270000000006,0.42408724545454546,3702.36520457781
0.3314862545454546,0.42408724545454546,3754.55792375652
0.34693980909090916,0.42408724545454546,3825.4725972633996
0.3623933636363637,0.42408724545454546,3871.3254541609467
0.37784691818181826,0.42408724545454546,3906.140960548892
0.3933004727272728,0.42408724545454546,4081.166843220443
0.40875402727272736,0.42408724545454546,4105.851563219721
0.4242075818181819,0.42408724545454546,4332.001158119155
0.43966113636363646,0.42408724545454546,4509.426715553403
0.455114690909091,0.42408724545454546,4733.493500331151
0.47056824545454556,0.42408724545454546,4988.413650325456
0.4860218000000001,0.42408724545454546,5070.0484595929365
0.5014753545454547,0.42408724545454546,5095.203663792962
0.5169289090909093,0.42408724545454546,5203.859979994428
0.5323824636363638,0.42408724545454546,5236.134696137286
0.5478360181818183,0.42408724545454546,5257.129981915063
0.5632895727272729,0.42408724545454546,5270.785262182462
0.5787431272727275,0.42408724545454546,5278.603329515796
0.594196681818182,0.42408724545454546,5288.387893746565
0.6096502363636365,0.42408724545454546,5305.647832278778
0.6251037909090911,0.42408724545454546,5299.042147167666
0.6405573454545457,0.42408724545454546,5305.731926302995
0.6560109000000003,0.42408724545454546,5301.683035815599
0.6714644545454547,0.42408724545454546,5290.602892387029
0.6869180090909093,0.42408724545454546,5286.924487275917
0.7023715636363639,0.42408724545454546,5273.172424736235
0.7178251181818185,0.42408724545454546,5265.166696694768
0.7332786727272729,0.42408724545454546,5225.918630205283
0.7487322272727275,0.42408724545454546,5182.493005142081
0.7641857818181821,0.42408724545454546,5125.46787664651
0.7796393363636367,0.42408724545454546,5063.887565918381
0.7950928909090911,0.42408724545454546,5025.44977664158
0.8105464454545457,0.42408724545454546,4927.0782709102
0.8260000000000003,0.42408724545454546,4861.168944835719
0.1460436,0.43808251363636364,3147.201060149472
0.16149715454545455,0.43808251363636364,3150.2214382923294
0.1769507090909091,0.43808251363636364,3157.607722873526
0.19240426363636365,0.43808251363636364,3175.298194821578
0.2078578181818182,0.43808251363636364,3184.8201372025305
0.22331137272727275,0.43808251363636364,3218.1134886311015
0.2387649272727273,0.43808251363636364,3243.796573046242
0.25421848181818185,0.43808251363636364,3285.3029181151205
0.2696720363636364,0.43808251363636364,3394.59358332147
0.28512559090909095,0.43808251363636364,3633.880505732976
0.3005791454545455,0.43808251363636364,3675.5293689869445
0.31603270000000006,0.43808251363636364,3705.9350923700176
0.3314862545454546,0.43808251363636364,3760.4541182153944
0.34693980909090916,0.43808251363636364,3830.5395650556075
0.3623933636363637,0.43808251363636364,3872.2939339531545
0.37784691818181826,0.43808251363636364,3905.5782123411
0.3933004727272728,0.43808251363636364,4082.7634930126505
0.40875402727272736,0.43808251363636364,4109.164457011929
0.4242075818181819,0.43808251363636364,4334.6267759113625
0.43966113636363646,0.43808251363636364,4511.220576678944
0.455114690909091,0.43808251363636364,4738.425451361454
0.47056824545454556,0.43808251363636364,4995.386010022426
0.4860218000000001,0.43808251363636364,5079.20487262324
0.5014753545454547,0.43808251363636364,5103.5044928232655
0.5169289090909093,0.43808251363636364,5212.382496358065
0.5323824636363638,0.43808251363636364,5245.564732500922
0.5478360181818183,0.43808251363636364,5266.589538278699
0.5632895727272729,0.43808251363636364,5279.837642546099
0.5787431272727275,0.43808251363636364,5287.8324438794325
0.594196681818182,0.43808251363636364,5297.613958110202
0.6096502363636365,0.43808251363636364,5315.247778642414
0.6251037909090911,0.43808251363636364,5308.60529419797
0.6405573454545457,0.43808251363636364,5315.500471999964
0.6560109000000003,0.43808251363636364,5311.69417751257
0.6714644545454547,0.43808251363636364,5300.565446750665
0.6869180090909093,0.43808251363636364,5296.671116972888
0.7023715636363639,0.43808251363636364,5282.469157099872
0.7178251181818185,0.43808251363636364,5274.543885058404
0.7332786727272729,0.43808251363636364,5234.993701902253
0.7487322272727275,0.43808251363636364,5190.9423388390505
0.7641857818181821,0.43808251363636364,5132.914844343481
0.7796393363636367,0.43808251363636364,5068.861627615352
0.7950928909090911,0.43808251363636364,5029.104497671883
0.8105464454545457,0.43808251363636364,4930.622321940503
0.8260000000000003,0.43808251363636364,4864.666135866022
0.1460436,0.45207778181818187,3155.902597149472
0.16149715454545455,0.45207778181818187,3158.9294952923296
0.1769507090909091,0.45207778181818187,3167.414053873526
0.19240426363636365,0.45207778181818187,3185.5448658215782
0.2078578181818182,0.45207778181818187,3194.79824620253
0.22331137272727275,0.45207778181818187,3227.6244206787205
0.2387649272727273,0.45207778181818187,3252.2309624271943
0.25421848181818185,0.45207778181818187,3293.694811496073
0.2696720363636364,0.45207778181818187,3402.4658938135335
0.28512559090909095,0.45207778181818187,3640.2876248917064
0.3005791454545455,0.45207778181818187,3682.0827561456745
0.31603270000000006,0.45207778181818187,3712.6598581954145
0.3314862545454546,0.45207778181818187,3766.737568993172
0.34693980909090916,0.45207778181818187,3836.43252491275
0.3623933636363637,0.45207778181818187,3875.340254810297
0.37784691818181826,0.45207778181818187,3908.806896531576
0.3933004727272728,0.45207778181818187,4082.69105053646
0.40875402727272736,0.45207778181818187,4107.518387011929
0.4242075818181819,0.45207778181818187,4331.163000578029
0.43966113636363646,0.45207778181818187,4508.378462678944
0.455114690909091,0.45207778181818187,4739.019212694788
0.47056824545454556,0.45207778181818187,5007.680801355758
0.4860218000000001,0.45207778181818187,5093.96015462324
0.5014753545454547,0.45207778181818187,5118.629420823266
0.5169289090909093,0.45207778181818187,5227.4799979136205
0.5323824636363638,0.45207778181818187,5261.166176723144
0.5478360181818183,0.45207778181818187,5282.888097834255
0.5632895727272729,0.45207778181818187,5296.7818741016545
0.5787431272727275,0.45207778181818187,5304.816323434988
0.594196681818182,0.45207778181818187,5314.8805063324235
0.6096502363636365,0.45207778181818187,5329.734559531304
0.6251037909090911,0.45207778181818187,5322.672119086858
0.6405573454545457,0.45207778181818187,5329.746342222186
0.6560109000000003,0.45207778181818187,5324.8820184014585
0.6714644545454547,0.45207778181818187,5313.40189230622
0.6869180090909093,0.45207778181818187,5309.4269838617765
0.7023715636363639,0.45207778181818187,5295.08363198876
0.7178251181818185,0.45207778181818187,5286.6303172806265
0.7332786727272729,0.45207778181818187,5246.600727902253
0.7487322272727275,0.45207778181818187,5200.132754839051
0.7641857818181821,0.45207778181818187,5140.3767703434805
0.7796393363636367,0.45207778181818187,5073.110998948685
0.7950928909090911,0.45207778181818187,5031.770997671883
0.8105464454545457,0.45207778181818187,4933.2227812738365
0.8260000000000003,0.45207778181818187,4866.722083199355
0.1460436,0.46607305000000004,3143.59827169918
0.16149715454545455,0.46607305000000004,3146.605539842037
0.1769507090909091,0.46607305000000004,3154.730711756567
0.19240426363636365,0.46607305000000004,3173.3333083712855
0.2078578181818182,0.46607305000000004,3182.806764752238
0.22331137272727275,0.46607305000000004,3214.4126712284283
0.2387649272727273,0.46607305000000004,3241.586958310235
0.25421848181818185,0.46607305000000004,3283.8983527124474
0.2696720363636364,0.46607305000000004,3394.708001029908
0.28512559090909095,0.46607305000000004,3634.082636108081
0.3005791454545455,0.46607305000000004,3673.3889993620487
0.31603270000000006,0.46607305000000004,3703.9775474117887
0.3314862545454546,0.46607305000000004,3759.7803915428794
0.34693980909090916,0.46607305000000004,3828.9421901291244
0.3623933636363637,0.46607305000000004,3868.7766940266715
0.37784691818181826,0.46607305000000004,3901.771934414617
0.3933004727272728,0.46607305000000004,4073.285287647571
0.40875402727272736,0.46607305000000004,4098.600254789707
0.4242075818181819,0.46607305000000004,4321.263845022474
0.43966113636363646,0.46607305000000004,4500.688788678944
0.455114690909091,0.46607305000000004,4732.332084694787
0.47056824545454556,0.46607305000000004,4999.569430974806
0.4860218000000001,0.46607305000000004,5083.42129357562
0.5014753545454547,0.46607305000000004,5109.1388384423135
0.5169289090909093,0.46607305000000004,5218.348844866001
0.5323824636363638,0.46607305000000004,5252.484973008858
0.5478360181818183,0.46607305000000004,5273.349516119969
0.5632895727272729,0.46607305000000004,5287.235883054036
0.5787431272727275,0.46607305000000004,5294.427875054035
0.594196681818182,0.46607305000000004,5304.530841284804
0.6096502363636365,0.46607305000000004,5318.4625311503505
0.6251037909090911,0.46607305000000004,5310.945421372572
0.6405573454545457,0.46607305000000004,5317.205254507901
0.6560109000000003,0.46607305000000004,5311.557886020506
0.6714644545454547,0.46607305000000004,5299.797895925269
0.6869180090909093,0.46607305000000004,5295.86163214749
0.7023715636363639,0.46607305000000004,5282.035722274474
0.7178251181818185,0.46607305000000004,5276.547813852056
0.7332786727272729,0.46607305000000004,5237.262616187967
0.7487322272727275,0.46607305000000004,5190.021804458098
0.7641857818181821,0.46607305000000004,5129.3788459625275
0.7796393363636367,0.46607305000000004,5063.020385901065
0.7950928909090911,0.46607305000000004,5014.510050624263
0.8105464454545457,0.46607305000000004,4915.2249742262175
0.8260000000000003,0.46607305000000004,4846.12983148507
0.1460436,0.4800683181818182,3150.4228632749373
0.16149715454545455,0.4800683181818182,3153.414824751128
0.1769507090909091,0.4800683181818182,3161.539996665658
0.19240426363636365,0.4800683181818182,3179.562395947043
0.2078578181818182,0.4800683181818182,3189.2334889946624
0.22331137272727275,0.4800683181818182,3218.3638414708525
0.2387649272727273,0.4800683181818182,3245.8253338859927
0.25421848181818185,0.4800683181818182,3288.162723621538
0.2696720363636364,0.4800683181818182,3399.8775779389985
0.28512559090909095,0.4800683181818182,3642.617531017171
0.3005791454545455,0.4800683181818182,3681.159636556854
0.31603270000000006,0.4800683181818182,3713.4172852732604
0.3314862545454546,0.4800683181818182,3768.9370518285937
0.34693980909090916,0.4800683181818182,3839.2345550815053
0.3623933636363637,0.4800683181818182,3878.0503449790526
0.37784691818181826,0.4800683181818182,3908.4651577479503
0.3933004727272728,0.4800683181818182,4076.0869383142376
0.40875402727272736,0.4800683181818182,4101.460725456373
0.4242075818181819,0.4800683181818182,4321.6136956891405
0.43966113636363646,0.4800683181818182,4498.53795734561
0.455114690909091,0.4800683181818182,4729.794551361454
0.47056824545454556,0.4800683181818182,4996.344236308139
0.4860218000000001,0.4800683181818182,5082.78395957562
0.5014753545454547,0.4800683181818182,5107.773397775647
0.5169289090909093,0.4800683181818182,5215.406834866001
0.5323824636363638,0.4800683181818182,5250.115036342191
0.5478360181818183,0.4800683181818182,5273.091194119969
0.5632895727272729,0.4800683181818182,5286.647903054036
0.5787431272727275,0.4800683181818182,5294.103473720702
0.594196681818182,0.4800683181818182,5304.753003951471
0.6096502363636365,0.4800683181818182,5318.562504483684
0.6251037909090911,0.4800683181818182,5311.852627372573
0.6405573454545457,0.4800683181818182,5315.329655174567
0.6560109000000003,0.4800683181818182,5308.628190687173
0.6714644545454547,0.4800683181818182,5297.375550591935
0.6869180090909093,0.4800683181818182,5291.902676147491
0.7023715636363639,0.4800683181818182,5280.090972274475
0.7178251181818185,0.4800683181818182,5272.188789852055
0.7332786727272729,0.4800683181818182,5233.610509521301
0.7487322272727275,0.4800683181818182,5186.580912458097
0.7641857818181821,0.4800683181818182,5124.960499962527
0.7796393363636367,0.4800683181818182,5058.684300567732
0.7950928909090911,0.4800683181818182,5007.104052624264
0.8105464454545457,0.4800683181818182,4907.563058892884
0.8260000000000003,0.4800683181818182,4834.942002151736
0.1460436,0.49406358636363645,3169.7772717976077
0.16149715454545455,0.49406358636363645,3172.514962797608
0.1769507090909091,0.49406358636363645,3180.644148045471
0.19240426363636365,0.49406358636363645,3198.868127326856
0.2078578181818182,0.49406358636363645,3208.1876697078087
0.22331137272727275,0.49406358636363645,3237.4025901839987
0.2387649272727273,0.49406358636363645,3264.0510419324723
0.25421848181818185,0.49406358636363645,3306.412925668018
0.2696720363636364,0.49406358636363645,3417.1615139854785
0.28512559090909095,0.49406358636363645,3659.9138443969846
0.3005791454545455,0.49406358636363645,3693.2224319366674
0.31603270000000006,0.49406358636363645,3726.416840653074
0.3314862545454546,0.49406358636363645,3783.23212854174
0.34693980909090916,0.49406358636363645,3854.5082771279854
0.3623933636363637,0.49406358636363645,3893.8764150255324
0.37784691818181826,0.49406358636363645,3924.3855357944303
0.3933004727272728,0.49406358636363645,4098.00380278177
0.40875402727272736,0.49406358636363645,4120.239285257239
0.4242075818181819,0.49406358636363645,4330.687795870958
0.43966113636363646,0.49406358636363645,4510.815801527428
0.455114690909091,0.49406358636363645,4745.688778209939
0.47056824545454556,0.49406358636363645,5007.632747574207
0.4860218000000001,0.49406358636363645,5097.557480175022
0.5014753545454547,0.49406358636363645,5122.711473041714
0.5169289090909093,0.49406358636363645,5224.903960132068
0.5323824636363638,0.49406358636363645,5258.402639608259
0.5478360181818183,0.49406358636363645,5282.044026052704
0.5632895727272729,0.49406358636363645,5295.210882320103
0.5787431272727275,0.49406358636363645,5302.34382298677
0.594196681818182,0.49406358636363645,5313.151176550872
0.6096502363636365,0.49406358636363645,5326.995387083085
0.6251037909090911,0.49406358636363645,5319.674655305307
0.6405573454545457,0.49406358636363645,5322.591743107302
0.6560109000000003,0.49406358636363645,5315.337745286573
0.6714644545454547,0.49406358636363645,5302.663393191336
0.6869180090909093,0.49406358636363645,5297.464291413558
0.7023715636363639,0.49406358636363645,5284.851116969114
0.7178251181818185,0.49406358636363645,5277.497091213361
0.7332786727272729,0.49406358636363645,5239.177725973515
0.7487322272727275,0.49406358636363645,5193.482628910313
0.7641857818181821,0.49406358636363645,5132.436075748075
0.7796393363636367,0.49406358636363645,5066.551404924709
0.7950928909090911,0.49406358636363645,5014.650220314574
0.8105464454545457,0.49406358636363645,4914.450003916528
0.8260000000000003,0.49406358636363645,4836.171604904984
0.1460436,0.5080588545454546,3192.9515362390025
0.16149715454545455,0.5080588545454546,3195.689227239003
0.1769507090909091,0.5080588545454546,3203.0478584868656
0.19240426363636365,0.5080588545454546,3217.7516004349177
0.2078578181818182,0.5080588545454546,3227.00794281587
0.22331137272727275,0.5080588545454546,3255.4208646253937
0.2387649272727273,0.5080588545454546,3288.737137040534
0.25421848181818185,0.5080588545454546,3333.149126109413
0.2696720363636364,0.5080588545454546,3439.257823315762
0.28512559090909095,0.5080588545454546,3669.841518298697
0.3005791454545455,0.5080588545454546,3698.68737583838
0.31603270000000006,0.5080588545454546,3732.0646778881196
0.3314862545454546,0.5080588545454546,3787.3613601404227
0.34693980909090916,0.5080588545454546,3853.222957964763
0.3623933636363637,0.5080588545454546,3892.6508451956433
0.37784691818181826,0.5080588545454546,3923.0286447264457
0.3933004727272728,0.5080588545454546,4095.7312963804525
0.40875402727272736,0.5080588545454546,4114.1052975225875
0.4242075818181819,0.5080588545454546,4322.8181918617975
0.43966113636363646,0.5080588545454546,4504.562927518267
0.455114690909091,0.5080588545454546,4739.33862562935
0.47056824545454556,0.5080588545454546,4991.373072157705
0.4860218000000001,0.5080588545454546,5076.922719869631
0.5014753545454547,0.5080588545454546,5100.985819212514
0.5169289090909093,0.5080588545454546,5199.090322969534
0.5323824636363638,0.5080588545454546,5232.222007779058
0.5478360181818183,0.5080588545454546,5257.496660223503
0.5632895727272729,0.5080588545454546,5271.261365657569
0.5787431272727275,0.5080588545454546,5276.9366416575685
0.594196681818182,0.5080588545454546,5288.180596555005
0.6096502363636365,0.5080588545454546,5303.033437087218
0.6251037909090911,0.5080588545454546,5295.43523130944
0.6405573454545457,0.5080588545454546,5298.490534444768
0.6560109000000003,0.5080588545454546,5292.091833290706
0.6714644545454547,0.5080588545454546,5281.058731195469
0.6869180090909093,0.5080588545454546,5275.26233541769
0.7023715636363639,0.5080588545454546,5261.982846401817
0.7178251181818185,0.5080588545454546,5254.999039251164
0.7332786727272729,0.5080588545454546,5212.824887511318
0.7487322272727275,0.5080588545454546,5168.51619873383
0.7641857818181821,0.5080588545454546,5109.192912143021
0.7796393363636367,0.5080588545454546,5043.115159319655
0.7950928909090911,0.5080588545454546,4991.005162995233
0.8105464454545457,0.5080588545454546,4889.708998597187
0.8260000000000003,0.5080588545454546,4808.134035806001
0.1460436,0.5220541227272728,3193.485174827747
0.16149715454545455,0.5220541227272728,3196.2228658277472
0.1769507090909091,0.5220541227272728,3203.6692204089436
0.19240426363636365,0.5220541227272728,3218.5123930236623
0.2078578181818182,0.5220541227272728,3227.504928737948
0.22331137272727275,0.5220541227272728,3256.5533705474713
0.2387649272727273,0.5220541227272728,3289.8318109626116
0.25421848181818185,0.5220541227272728,3333.420820698157
0.2696720363636364,0.5220541227272728,3441.5181019045067
0.28512559090909095,0.5220541227272728,3674.5434154271243
0.3005791454545455,0.5220541227272728,3705.134122966807
0.31603270000000006,0.5220541227272728,3739.09663834988
0.3314862545454546,0.5220541227272728,3794.4105901577386
0.34693980909090916,0.5220541227272728,3859.043432077317
0.3623933636363637,0.5220541227272728,3898.753601974864
0.37784691818181826,0.5220541227272728,3928.5922208389998
0.3933004727272728,0.5220541227272728,4100.50630382634
0.40875402727272736,0.5220541227272728,4119.529308301809
0.4242075818181819,0.5220541227272728,4327.21010854578
0.43966113636363646,0.5220541227272728,4499.432079232553
0.455114690909091,0.5220541227272728,4735.014565646666
0.47056824545454556,0.5220541227272728,4981.490963508354
0.4860218000000001,0.5220541227272728,5066.290088267899
0.5014753545454547,0.5220541227272728,5090.426736277449
0.5169289090909093,0.5220541227272728,5186.607101367803
0.5323824636363638,0.5220541227272728,5223.23177551066
0.5478360181818183,0.5220541227272728,5250.484933288438
0.5632895727272729,0.5220541227272728,5264.969978722504
0.5787431272727275,0.5220541227272728,5270.652351389171
0.594196681818182,0.5220541227272728,5281.591848286606
0.6096502363636365,0.5220541227272728,5295.925486818819
0.6251037909090911,0.5220541227272728,5288.124966374375
0.6405573454545457,0.5220541227272728,5291.969484843036
0.6560109000000003,0.5220541227272728,5285.405279688975
0.6714644545454547,0.5220541227272728,5274.78632692707
0.6869180090909093,0.5220541227272728,5268.827890482626
0.7023715636363639,0.5220541227272728,5254.922083466752
0.7178251181818185,0.5220541227272728,5247.699848601813
0.7332786727272729,0.5220541227272728,5205.120481528634
0.7487322272727275,0.5220541227272728,5159.500864084479
0.7641857818181821,0.5220541227272728,5099.944746827004
0.7796393363636367,0.5220541227272728,5034.367308670303
0.7950928909090911,0.5220541227272728,4981.075939679216
0.8105464454545457,0.5220541227272728,4883.740677281169
0.8260000000000003,0.5220541227272728,4803.7561958233155
0.1460436,0.536049390909091,3190.981756827747
0.16149715454545455,0.536049390909091,3193.409227827747
0.1769507090909091,0.536049390909091,3200.709334408944
0.19240426363636365,0.536049390909091,3215.4148643569956
0.2078578181818182,0.536049390909091,3224.5754460712815
0.22331137272727275,0.536049390909091,3252.305527880805
0.2387649272727273,0.536049390909091,3287.419726962612
0.25421848181818185,0.536049390909091,3331.4770853648242
0.2696720363636364,0.536049390909091,3440.3774705711735
0.28512559090909095,0.536049390909091,3670.981004093791
0.3005791454545455,0.536049390909091,3701.675208966807
0.31603270000000006,0.536049390909091,3736.3552503498804
0.3314862545454546,0.536049390909091,3790.8414228244055
0.34693980909090916,0.536049390909091,3854.808572743984
0.3623933636363637,0.536049390909091,3894.160759974864
0.37784691818181826,0.536049390909091,3924.384594839
0.3933004727272728,0.536049390909091,4097.379919159674
0.40875402727272736,0.536049390909091,4117.359515635142
0.4242075818181819,0.536049390909091,4323.150629879114
0.43966113636363646,0.536049390909091,4493.016240565887
0.455114690909091,0.536049390909091,4725.946243907535
0.47056824545454556,0.536049390909091,4964.617156269223
0.4860218000000001,0.536049390909091,5045.059031473213
0.5014753545454547,0.536049390909091,5068.086630816096
0.5169289090909093,0.536049390909091,5168.39228790645
0.5323824636363638,0.536049390909091,5207.095783382641
0.5478360181818183,0.536049390909091,5234.478600493751
0.5632895727272729,0.536049390909091,5249.375341927817
0.5787431272727275,0.536049390909091,5255.466077705595
0.594196681818182,0.536049390909091,5266.402833936364
0.6096502363636365,0.536049390909091,5280.541325801911
0.6251037909090911,0.536049390909091,5272.360663357466
0.6405573454545457,0.536049390909091,5278.124924270573
0.6560109000000003,0.536049390909091,5272.853313783177
0.6714644545454547,0.536049390909091,5260.932502354606
0.6869180090909093,0.536049390909091,5255.312936576828
0.7023715636363639,0.536049390909091,5239.232040227622
0.7178251181818185,0.536049390909091,5231.671944219825
0.7332786727272729,0.536049390909091,5187.619238702202
0.7487322272727275,0.536049390909091,5141.485295258047
0.7641857818181821,0.536049390909091,5082.400286000572
0.7796393363636367,0.536049390909091,5018.6033146533955
0.7950928909090911,0.536049390909091,4967.038087662308
0.8105464454545457,0.536049390909091,4869.9727632256145
0.8260000000000003,0.536049390909091,4790.030815101094
0.1460436,0.5500446590909092,3191.9147602447742
0.16149715454545455,0.5500446590909092,3194.4604962447747
0.1769507090909091,0.5500446590909092,3201.584042825971
0.19240426363636365,0.5500446590909092,3216.1272721073565
0.2078578181818182,0.5500446590909092,3224.5243411549754
0.22331137272727275,0.5500446590909092,3252.307643631166
0.2387649272727273,0.5500446590909092,3285.1565620463057
0.25421848181818185,0.5500446590909092,3330.8065797818517
0.2696720363636364,0.5500446590909092,3439.136931988201
0.28512559090909095,0.5500446590909092,3665.497014082247
0.3005791454545455,0.5500446590909092,3692.319334955263
0.31603270000000006,0.5500446590909092,3726.3271536716697
0.3314862545454546,0.5500446590909092,3778.4205208128615
0.34693980909090916,0.5500446590909092,3841.7932450181543
0.3623933636363637,0.5500446590909092,3878.691970915701
0.37784691818181826,0.5500446590909092,3907.020505779837
0.3933004727272728,0.5500446590909092,4079.935143433843
0.40875402727272736,0.5500446590909092,4100.980410333555
0.4242075818181819,0.5500446590909092,4307.383888577527
0.43966113636363646,0.5500446590909092,4490.8442812643
0.455114690909091,0.5500446590909092,4722.139238605949
0.47056824545454556,0.5500446590909092,4965.26862341208
0.4860218000000001,0.5500446590909092,5044.483191616069
0.5014753545454547,0.5500446590909092,5067.835046958953
0.5169289090909093,0.5500446590909092,5168.988820715974
0.5323824636363638,0.5500446590909092,5211.528109525498
0.5478360181818183,0.5500446590909092,5239.044666636608
0.5632895727272729,0.5500446590909092,5253.537989880198
0.5787431272727275,0.5500446590909092,5257.773510324642
0.594196681818182,0.5500446590909092,5268.167167222078
0.6096502363636365,0.5500446590909092,5282.451089324184
0.6251037909090911,0.5500446590909092,5271.747830213073
0.6405573454545457,0.5500446590909092,5277.572965126179
0.6560109000000003,0.5500446590909092,5272.6887926387835
0.6714644545454547,0.5500446590909092,5261.008669876879
0.6869180090909093,0.5500446590909092,5254.614839432435
0.7023715636363639,0.5500446590909092,5237.922368416562
0.7178251181818185,0.5500446590909092,5230.788170101072
0.7332786727272729,0.5500446590909092,5186.049739726306
0.7487322272727275,0.5500446590909092,5138.174381615485
0.7641857818181821,0.5500446590909092,5075.588033691343
0.7796393363636367,0.5500446590909092,5012.463399391786
0.7950928909090911,0.5500446590909092,4959.997290400698
0.8105464454545457,0.5500446590909092,4864.752660297338
0.8260000000000003,0.5500446590909092,4783.032612363294
0.1460436,0.5640399272727273,3188.4255204352507
0.16149715454545455,0.5640399272727273,3190.5555764352507
0.1769507090909091,0.5640399272727273,3197.608757683114
0.19240426363636365,0.5640399272727273,3212.2341049644997
0.2078578181818182,0.5640399272727273,3220.522439345452
0.22331137272727275,0.5640399272727273,3248.3860651549753
0.2387649272727273,0.5640399272727273,3281.3055902367823
0.25421848181818185,0.5640399272727273,3325.372290289788
0.2696720363636364,0.5640399272727273,3434.4771244961375
0.28512559090909095,0.5640399272727273,3663.3256052568504
0.3005791454545455,0.5640399272727273,3691.7231774631996
0.31603270000000006,0.5640399272727273,3723.7789420843683
0.3314862545454546,0.5640399272727273,3777.157199892227
0.34693980909090916,0.5640399272727273,3839.739502764186
0.3623933636363637,0.5640399272727273,3874.890753772844
0.37784691818181826,0.5640399272727273,3903.8741853036468
0.3933004727272728,0.5640399272727273,4076.80100362432
0.40875402727272736,0.5640399272727273,4097.347774428793
0.4242075818181819,0.5640399272727273,4304.719267339431
0.43966113636363646,0.5640399272727273,4479.621537556507
0.455114690909091,0.5640399272727273,4711.466494231489
0.47056824545454556,0.5640399272727273,4952.001099037621
0.4860218000000001,0.5640399272727273,5035.582805908277
0.5014753545454547,0.5640399272727273,5058.397717917827
0.5169289090909093,0.5640399272727273,5159.7743776748475
0.5323824636363638,0.5640399272727273,5199.808700484372
0.5478360181818183,0.5640399272727273,5226.144950928816
0.5632895727272729,0.5640399272727273,5240.310278505739
0.5787431272727275,0.5640399272727273,5244.1361549501835
0.594196681818182,0.5640399272727273,5254.586865847619
0.6096502363636365,0.5640399272727273,5268.529099283058
0.6251037909090911,0.5640399272727273,5258.06265550528
0.6405573454545457,0.5640399272727273,5264.321617085053
0.6560109000000003,0.5640399272727273,5259.127805930992
0.6714644545454547,0.5640399272727273,5248.60468050242
0.6869180090909093,0.5640399272727273,5242.685817391309
0.7023715636363639,0.5640399272727273,5225.210240375436
0.7178251181818185,0.5640399272727273,5218.39944739328
0.7332786727272729,0.5640399272727273,5174.182880351847
0.7487322272727275,0.5640399272727273,5127.540267574359
0.7641857818181821,0.5640399272727273,5066.171678983551
0.7796393363636367,0.5640399272727273,5002.148849850661
0.7950928909090911,0.5640399272727273,4951.382700859573
0.8105464454545457,0.5640399272727273,4858.2159067562125
0.8260000000000003,0.5640399272727273,4776.477053488835
0.1460436,0.5780351954545455,3186.902438617069
0.16149715454545455,0.5780351954545455,3188.758374617069
0.1769507090909091,0.5780351954545455,3195.796446531599
0.19240426363636365,0.5780351954545455,3210.3984671463177
0.2078578181818182,0.5780351954545455,3218.3241635272702
0.22331137272727275,0.5780351954545455,3245.8941344479044
0.2387649272727273,0.5780351954545455,3279.3051555297116
0.25421848181818185,0.5780351954545455,3323.3757415827176
0.2696720363636364,0.5780351954545455,3430.3527944557336
0.28512559090909095,0.5780351954545455,3657.801200994224
0.3005791454545455,0.5780351954545455,3684.07312086724
0.31603270000000006,0.5780351954545455,3715.264166155075
0.3314862545454546,0.5780351954545455,3770.225519356873
0.34693980909090916,0.5780351954545455,3834.5713602288324
0.3623933636363637,0.5780351954545455,3870.641688570824
0.37784691818181826,0.5780351954545455,3900.3395447682933
0.3933004727272728,0.5780351954545455,4070.4347124222995
0.40875402727272736,0.5780351954545455,4088.9515848140745
0.4242075818181819,0.5780351954545455,4296.305153724712
0.43966113636363646,0.5780351954545455,4467.905872830677
0.455114690909091,0.5780351954545455,4703.418080172326
0.47056824545454556,0.5780351954545455,4947.103067013546
0.4860218000000001,0.5780351954545455,5030.084545217535
0.5014753545454547,0.5780351954545455,5051.286771227085
0.5169289090909093,0.5780351954545455,5150.5919863174395
0.5323824636363638,0.5780351954545455,5188.806323126963
0.5478360181818183,0.5780351954545455,5216.670419571407
0.5632895727272729,0.5780351954545455,5230.62858914833
0.5787431272727275,0.5780351954545455,5233.902568259442
0.594196681818182,0.5780351954545455,5245.391431156878
0.6096502363636365,0.5780351954545455,5260.739733557229
0.6251037909090911,0.5780351954545455,5250.618600446118
0.6405573454545457,0.5780351954545455,5258.372660692557
0.6560109000000003,0.5780351954545455,5253.240935538495
0.6714644545454547,0.5780351954545455,5243.703904109924
0.6869180090909093,0.5780351954545455,5237.043015665479
0.7023715636363639,0.5780351954545455,5219.520970649606
0.7178251181818185,0.5780351954545455,5212.927509000784
0.7332786727272729,0.5780351954545455,5169.766879959351
0.7487322272727275,0.5780351954545455,5123.362710515196
0.7641857818181821,0.5780351954545455,5060.518259924388
0.7796393363636367,0.5780351954545455,4995.475546458164
0.7950928909090911,0.5780351954545455,4946.568750557986
0.8105464454545457,0.5780351954545455,4852.548277787959
0.8260000000000003,0.5780351954545455,4771.916221853915
0.1460436,0.5920304636363638,3189.0397881994863
0.16149715454545455,0.5920304636363638,3190.8957241994867
0.1769507090909091,0.5920304636363638,3197.92430944735
0.19240426363636365,0.5920304636363638,3212.7078580620687
0.2078578181818182,0.5920304636363638,3220.6745711096873
0.22331137272727275,0.5920304636363638,3250.9989932684175
0.2387649272727273,0.5920304636363638,3284.82007206451
0.25421848181818185,0.5920304636363638,3328.8632394508495
0.2696720363636364,0.5920304636363638,3435.8074969905324
0.28512559090909095,0.5920304636363638,3658.0509401956892
0.3005791454545455,0.5920304636363638,3684.7634180687055
0.31603270000000006,0.5920304636363638,3714.2416673565403
0.3314862545454546,0.5920304636363638,3768.916947225005
0.34693980909090916,0.5920304636363638,3828.3144774302978
0.3623933636363637,0.5920304636363638,3864.055099105623
0.37784691818181826,0.5920304636363638,3895.088114482579
0.3933004727272728,0.5920304636363638,4056.125446297505
0.40875402727272736,0.5920304636363638,4074.6472653559467
0.4242075818181819,0.5920304636363638,4296.447122933251
0.43966113636363646,0.5920304636363638,4465.806507372549
0.455114690909091,0.5920304636363638,4706.466516714198
0.47056824545454556,0.5920304636363638,4949.2761211744655
0.4860218000000001,0.5920304636363638,5030.631448045122
0.5014753545454547,0.5920304636363638,5052.647841388005
0.5169289090909093,0.5920304636363638,5153.159131657846
0.5323824636363638,0.5920304636363638,5190.35781446737
0.5478360181818183,0.5920304636363638,5224.824813578481
0.5632895727272729,0.5920304636363638,5238.572522488737
0.5787431272727275,0.5920304636363638,5241.405105599849
0.594196681818182,0.5920304636363638,5253.180844497284
0.6096502363636365,0.5920304636363638,5269.660340230969
0.6251037909090911,0.5920304636363638,5258.787198453191
0.6405573454545457,0.5920304636363638,5266.033808032964
0.6560109000000003,0.5920304636363638,5261.410517545569
0.6714644545454547,0.5920304636363638,5251.7175674503305
0.6869180090909093,0.5920304636363638,5245.13534233922
0.7023715636363639,0.5920304636363638,5227.7965293233465
0.7178251181818185,0.5920304636363638,5220.829931674524
0.7332786727272729,0.5920304636363638,5177.734009966424
0.7487322272727275,0.5920304636363638,5129.9008163427825
0.7641857818181821,0.5920304636363638,5068.994013021816
0.7796393363636367,0.5920304636363638,5008.075403555592
0.7950928909090911,0.5920304636363638,4960.031112988747
0.8105464454545457,0.5920304636363638,4865.3018153911335
0.8260000000000003,0.5920304636363638,4784.753844234867
0.1460436,0.6060257318181819,3183.7130844347807
0.16149715454545455,0.6060257318181819,3185.250647768114
0.1769507090909091,0.6060257318181819,3192.2060090159775
0.19240426363636365,0.6060257318181819,3206.4178042973626
0.2078578181818182,0.6060257318181819,3214.593684678315
0.22331137272727275,0.6060257318181819,3244.9106935037116
0.2387649272727273,0.6060257318181819,3279.164684966471
0.25421848181818185,0.6060257318181819,3323.2651183528105
0.2696720363636364,0.6060257318181819,3429.04182455916
0.28512559090909095,0.6060257318181819,3652.2027797643173
0.3005791454545455,0.6060257318181819,3677.2591980182856
0.31603270000000006,0.6060257318181819,3705.7799419727876
0.3314862545454546,0.6060257318181819,3761.5137578412523
0.34693980909090916,0.6060257318181819,3818.7189387132116
0.3623933636363637,0.6060257318181819,3852.3626330552033
0.37784691818181826,0.6060257318181819,3884.143742051207
0.3933004727272728,0.6060257318181819,4042.080029866133
0.40875402727272736,0.6060257318181819,4057.894417591241
0.4242075818181819,0.6060257318181819,4277.667953835212
0.43966113636363646,0.6060257318181819,4448.134370941177
0.455114690909091,0.6060257318181819,4689.333058949493
0.47056824545454556,0.6060257318181819,4941.823007155792
0.4860218000000001,0.6060257318181819,5025.763634693114
0.5014753545454547,0.6060257318181819,5047.586398035997
0.5169289090909093,0.6060257318181819,5149.369233639172
0.5323824636363638,0.6060257318181819,5187.053870448696
0.5478360181818183,0.6060257318181819,5219.937156137585
0.5632895727272729,0.6060257318181819,5232.046545047841
0.5787431272727275,0.6060257318181819,5234.574394825619
0.594196681818182,0.6060257318181819,5246.295692389721
0.6096502363636365,0.6060257318181819,5262.95214345674
0.6251037909090911,0.6060257318181819,5251.176643012294
0.6405573454545457,0.6060257318181819,5257.403881925401
0.6560109000000003,0.6060257318181819,5251.892700496829
0.6714644545454547,0.6060257318181819,5242.231225068258
0.6869180090909093,0.6060257318181819,5237.46187929048
0.7023715636363639,0.6060257318181819,5221.50344360794
0.7178251181818185,0.6060257318181819,5214.647530625784
0.7332786727272729,0.6060257318181819,5172.359980251018
0.7487322272727275,0.6060257318181819,5124.57390196071
0.7641857818181821,0.6060257318181819,5063.415736925457
0.7796393363636367,0.6060257318181819,5005.495947890606
0.7950928909090911,0.6060257318181819,4960.076257895189
0.8105464454545457,0.6060257318181819,4865.397505154719
0.8260000000000003,0.6060257318181819,4784.823017331786
0.1460436,0.6200210000000002,3185.2691082882607
0.16149715454545455,0.6200210000000002,3186.806671621594
0.1769507090909091,0.6200210000000002,3193.7102888694576
0.19240426363636365,0.6200210000000002,3207.728253484176
0.2078578181818182,0.6200210000000002,3215.8717818651285
0.22331137272727275,0.6200210000000002,3246.772914690525
0.2387649272727273,0.6200210000000002,3281.3011941532845
0.25421848181818185,0.6200210000000002,3325.7241195396236
0.2696720363636364,0.6200210000000002,3430.8108297459735
0.28512559090909095,0.6200210000000002,3652.6442541892256
0.3005791454545455,0.6200210000000002,3677.6149797765274
0.31603270000000006,0.6200210000000002,3705.0318170643627
0.3314862545454546,0.6200210000000002,3760.9163882661605
0.34693980909090916,0.6200210000000002,3817.4799464714533
0.3623933636363637,0.6200210000000002,3851.9487681467785
0.37784691818181826,0.6200210000000002,3883.5365004761156
0.3933004727272728,0.6200210000000002,4039.9741002910414
0.40875402727272736,0.6200210000000002,4056.077020111388
0.4242075818181819,0.6200210000000002,4274.603416355359
0.43966113636363646,0.6200210000000002,4438.831046794657
0.455114690909091,0.6200210000000002,4678.4592704220195
0.47056824545454556,0.6200210000000002,4931.127097294986
0.4860218000000001,0.6200210000000002,5016.201029498975
0.5014753545454547,0.6200210000000002,5038.400326175191
0.5169289090909093,0.6200210000000002,5140.428278445033
0.5323824636363638,0.6200210000000002,5178.7775925878905
0.5478360181818183,0.6200210000000002,5210.529120943445
0.5632895727272729,0.6200210000000002,5222.651081187036
0.5787431272727275,0.6200210000000002,5224.963362964813
0.594196681818182,0.6200210000000002,5236.474033195582
0.6096502363636365,0.6200210000000002,5253.9350362626
0.6251037909090911,0.6200210000000002,5242.476846484822
0.6405573454545457,0.6200210000000002,5249.731998731261
0.6560109000000003,0.6200210000000002,5244.1550753026895
0.6714644545454547,0.6200210000000002,5235.055641874119
0.6869180090909093,0.6200210000000002,5230.371124096341
0.7023715636363639,0.6200210000000002,5214.10465146142
0.7178251181818185,0.6200210000000002,5206.220268882194
0.7332786727272729,0.6200210000000002,5163.527071840762
0.7487322272727275,0.6200210000000002,5116.316567550453
0.7641857818181821,0.6200210000000002,5057.834017181867
0.7796393363636367,0.6200210000000002,5002.96798043273
0.7950928909090911,0.6200210000000002,4958.692690342075
0.8105464454545457,0.6200210000000002,4864.134092268271
0.8260000000000003,0.6200210000000002,4784.403947112006
0.1460436,0.6340162681818182,3166.2913482882605
0.16149715454545455,0.6340162681818182,3167.901407621594
0.1769507090909091,0.6340162681818182,3174.729901536124
0.19240426363636365,0.6340162681818182,3188.7323141508427
0.2078578181818182,0.6340162681818182,3196.2094771984616
0.22331137272727275,0.6340162681818182,3227.5226673571915
0.2387649272727273,0.6340162681818182,3262.5043988199513
0.25421848181818185,0.6340162681818182,3310.806276872957
0.2696720363636364,0.6340162681818182,3414.3691644126397
0.28512559090909095,0.6340162681818182,3640.0886828558923
0.3005791454545455,0.6340162681818182,3664.158164443194
0.31603270000000006,0.6340162681818182,3692.2343130643626
0.3314862545454546,0.6340162681818182,3747.6444642661604
0.34693980909090916,0.6340162681818182,3804.4199051381197
0.3623933636363637,0.6340162681818182,3838.346194813445
0.37784691818181826,0.6340162681818182,3872.554211142782
0.3933004727272728,0.6340162681818182,4025.876416957708
0.40875402727272736,0.6340162681818182,4042.294241444721
0.4242075818181819,0.6340162681818182,4261.027147022026
0.43966113636363646,0.6340162681818182,4423.94818012799
0.455114690909091,0.6340162681818182,4661.160061547561
0.47056824545454556,0.6340162681818182,4908.134601561386
0.4860218000000001,0.6340162681818182,4995.607355765375
0.5014753545454547,0.6340162681818182,5018.850497108258
0.5169289090909093,0.6340162681818182,5122.3897193780995
0.5323824636363638,0.6340162681818182,5161.23270085429
0.5478360181818183,0.6340162681818182,5192.988115209845
0.5632895727272729,0.6340162681818182,5204.047302786768
0.5787431272727275,0.6340162681818182,5205.53559789788
0.594196681818182,0.6340162681818182,5216.823386128649
0.6096502363636365,0.6340162681818182,5233.812746529
0.6251037909090911,0.6340162681818182,5222.536831417889
0.6405573454545457,0.6340162681818182,5228.814385378614
0.6560109000000003,0.6340162681818182,5224.044109283375
0.6714644545454547,0.6340162681818182,5214.076959188138
0.6869180090909093,0.6340162681818182,5209.362632743693
0.7023715636363639,0.6340162681818182,5194.521605442106
0.7178251181818185,0.6340162681818182,5185.159985815261
0.7332786727272729,0.6340162681818182,5140.388660167769
0.7487322272727275,0.6340162681818182,5097.689765115555
0.7641857818181821,0.6340162681818182,5039.7902694136355
0.7796393363636367,0.6340162681818182,4987.010781331165
0.7950928909090911,0.6340162681818182,4944.951658573844
0.8105464454545457,0.6340162681818182,4854.860055166707
0.8260000000000003,0.6340162681818182,4777.989973475642
0.1460436,0.6480115363636365,3148.014528130719
0.16149715454545455,0.6480115363636365,3149.2441074640524
0.1769507090909091,0.6480115363636365,3155.8161973785823
0.19240426363636365,0.6480115363636365,3168.681563993301
0.2078578181818182,0.6480115363636365,3175.54961504092
0.22331137272727275,0.6480115363636365,3208.6295118663165
0.2387649272727273,0.6480115363636365,3241.6452299957427
0.25421848181818185,0.6480115363636365,3291.0140936245066
0.2696720363636364,0.6480115363636365,3388.3703391641893
0.28512559090909095,0.6480115363636365,3614.716148940775
0.3005791454545455,0.6480115363636365,3640.3115444328387
0.31603270000000006,0.6480115363636365,3666.4595637206735
0.3314862545454546,0.6480115363636365,3721.767338255805
0.34693980909090916,0.6480115363636365,3777.129448556336
0.3623933636363637,0.6480115363636365,3810.066136508717
0.37784691818181826,0.6480115363636365,3851.0511499289632
0.3933004727272728,0.6480115363636365,4003.1323130772225
0.40875402727272736,0.6480115363636365,4019.831388230902
0.4242075818181819,0.6480115363636365,4243.614331638272
0.43966113636363646,0.6480115363636365,4407.1925974109035
0.455114690909091,0.6480115363636365,4645.086221497141
0.47056824545454556,0.6480115363636365,4888.326028082395
0.4860218000000001,0.6480115363636365,4980.053153619717
0.5014753545454547,0.6480115363636365,5003.685297629267
0.5169289090909093,0.6480115363636365,5104.939006470537
0.5323824636363638,0.6480115363636365,5145.62809928006
0.5478360181818183,0.6480115363636365,5172.917602302282
0.5632895727272729,0.6480115363636365,5182.798345212539
0.5787431272727275,0.6480115363636365,5183.200544990317
0.594196681818182,0.6480115363636365,5194.869901887752
0.6096502363636365,0.6480115363636365,5209.506428288104
0.6251037909090911,0.6480115363636365,5199.19311984366
0.6405573454545457,0.6480115363636365,5204.046726471051
0.6560109000000003,0.6480115363636365,5198.587557804384
0.6714644545454547,0.6480115363636365,5188.848394375813
0.6869180090909093,0.6480115363636365,5183.371221931368
0.7023715636363639,0.6480115363636365,5169.937887740893
0.7178251181818185,0.6480115363636365,5156.697684780715
0.7332786727272729,0.6480115363636365,5112.792529323698
0.7487322272727275,0.6480115363636365,5074.298316049261
0.7641857818181821,0.6480115363636365,5019.395024347343
0.7796393363636367,0.6480115363636365,4968.544150550586
0.7950928909090911,0.6480115363636365,4928.397387126598
0.8105464454545457,0.6480115363636365,4842.849439275017
0.8260000000000003,0.6480115363636365,4767.347202917285
0.1460436,0.6620068045454547,3127.6304486821155
0.16149715454545455,0.6620068045454547,3128.8464846821157
0.1769507090909091,0.6620068045454547,3134.9683705966454
0.19240426363636365,0.6620068045454547,3147.3876838780307
0.2078578181818182,0.6620068045454547,3153.932194258983
0.22331137272727275,0.6620068045454547,3187.123223751046
0.2387649272727273,0.6620068045454547,3219.3563910233297
0.25421848181818185,0.6620068045454547,3268.8089088481715
0.2696720363636364,0.6620068045454547,3364.070627054521
0.28512559090909095,0.6620068045454547,3585.6893869263445
0.3005791454545455,0.6620068045454547,3614.778887973964
0.31603270000000006,0.6620068045454547,3641.183847261799
0.3314862545454546,0.6620068045454547,3696.0743691302637
0.34693980909090916,0.6620068045454547,3750.1464128433818
0.3623933636363637,0.6620068045454547,3784.711866700525
0.37784691818181826,0.6620068045454547,3828.6948561207714
0.3933004727272728,0.6620068045454547,3982.5831146023643
0.40875402727272736,0.6620068045454547,3998.126141756044
0.4242075818181819,0.6620068045454547,4227.501382496747
0.43966113636363646,0.6620068045454547,4386.26473608756
0.455114690909091,0.6620068045454547,4615.195954436737
0.47056824545454556,0.6620068045454547,4855.210335877064
0.4860218000000001,0.6620068045454547,4951.511200081053
0.5014753545454547,0.6620068045454547,4975.279125423936
0.5169289090909093,0.6620068045454547,5076.324207820761
0.5323824636363638,0.6620068045454547,5117.920734630286
0.5478360181818183,0.6620068045454547,5143.115006319174
0.5632895727272729,0.6620068045454547,5151.287581896097
0.5787431272727275,0.6620068045454547,5150.833412340542
0.594196681818182,0.6620068045454547,5164.139900571311
0.6096502363636365,0.6620068045454547,5176.056632400233
0.6251037909090911,0.6620068045454547,5165.883079289122
0.6405573454545457,0.6620068045454547,5170.999116583181
0.6560109000000003,0.6620068045454547,5166.97456858318
0.6714644545454547,0.6620068045454547,5156.7752802657205
0.6869180090909093,0.6620068045454547,5151.425570932387
0.7023715636363639,0.6620068045454547,5138.841234075244
0.7178251181818185,0.6620068045454547,5124.422445115066
0.7332786727272729,0.6620068045454547,5078.137376991383
0.7487322272727275,0.6620068045454547,5048.208452288375
0.7641857818181821,0.6620068045454547,4996.575364046773
0.7796393363636367,0.6620068045454547,4946.927524916684
0.7950928909090911,0.6620068045454547,4909.822672159363
0.8105464454545457,0.6620068045454547,4832.194247330555
0.8260000000000003,0.6620068045454547,4760.665743639491
0.1460436,0.6760020727272729,3108.3179739837024
0.16149715454545455,0.6760020727272729,3109.529429983703
0.1769507090909091,0.6760020727272729,3115.5032278982326
0.19240426363636365,0.6760020727272729,3127.571061179618
0.2078578181818182,0.6760020727272729,3134.11408756057
0.22331137272727275,0.6760020727272729,3168.0201330526334
0.2387649272727273,0.6760020727272729,3200.4581723249166
0.25421848181818185,0.6760020727272729,3248.8952388164253
0.2696720363636364,0.6760020727272729,3343.6601516894416
0.28512559090909095,0.6760020727272729,3557.565355339043
0.3005791454545455,0.6760020727272729,3587.030346386662
0.31603270000000006,0.6760020727272729,3616.0075263411636
0.3314862545454546,0.6760020727272729,3670.703629542962
0.34693980909090916,0.6760020727272729,3723.0198659227467
0.3623933636363637,0.6760020727272729,3755.6632497798896
0.37784691818181826,0.6760020727272729,3804.1484458668033
0.3933004727272728,0.6760020727272729,3955.7818450150626
0.40875402727272736,0.6760020727272729,3970.0719669306472
0.4242075818181819,0.6760020727272729,4199.989513226906
0.43966113636363646,0.6760020727272729,4363.0594391986715
0.455114690909091,0.6760020727272729,4603.374761547849
0.47056824545454556,0.6760020727272729,4838.29173790881
0.4860218000000001,0.6760020727272729,4937.552462034368
0.5014753545454547,0.6760020727272729,4959.523110710584
0.5169289090909093,0.6760020727272729,5059.4752069670585
0.5323824636363638,0.6760020727272729,5101.414903109916
0.5478360181818183,0.6760020727272729,5123.945615465471
0.5632895727272729,0.6760020727272729,5131.123121709061
0.5787431272727275,0.6760020727272729,5130.914460820172
0.594196681818182,0.6760020727272729,5144.6411277176085
0.6096502363636365,0.6760020727272729,5156.888854879864
0.6251037909090911,0.6760020727272729,5147.595651102086
0.6405573454545457,0.6760020727272729,5155.434435729478
0.6560109000000003,0.6760020727272729,5152.521492777097
0.6714644545454547,0.6760020727272729,5143.726979697732
0.6869180090909093,0.6760020727272729,5138.379030364398
0.7023715636363639,0.6760020727272729,5128.222912173922
0.7178251181818185,0.6760020727272729,5112.959900070887
0.7332786727272729,0.6760020727272729,5068.110713121807
0.7487322272727275,0.6760020727272729,5034.162270497231
0.7641857818181821,0.6760020727272729,4981.655902922295
0.7796393363636367,0.6760020727272729,4934.693585347762
0.7950928909090911,0.6760020727272729,4897.961568590441
0.8105464454545457,0.6760020727272729,4821.967880663889
0.8260000000000003,0.6760020727272729,4751.561574306158
0.1460436,0.689997340909091,3083.282859119992
0.16149715454545455,0.689997340909091,3084.535895119992
0.1769507090909091,0.689997340909091,3090.323611034522
0.19240426363636365,0.689997340909091,3102.265238982574
0.2078578181818182,0.689997340909091,3110.0388566968595
0.22331137272727275,0.689997340909091,3144.0029428555895
0.2387649272727273,0.689997340909091,3178.532248413587
0.25421848181818185,0.689997340909091,3227.196838238429
0.2696720363636364,0.689997340909091,3320.4394811114453
0.28512559090909095,0.689997340909091,3524.710031332475
0.3005791454545455,0.689997340909091,3557.1468237134277
0.31603270000000006,0.689997340909091,3583.7035570012627
0.3314862545454546,0.689997340909091,3637.768836203061
0.34693980909090916,0.689997340909091,3685.4515910590358
0.3623933636363637,0.689997340909091,3717.6050577733217
0.37784691818181826,0.689997340909091,3771.370509193568
0.3933004727272728,0.689997340909091,3917.5591610084944
0.40875402727272736,0.689997340909091,3930.7211084478886
0.4242075818181819,0.689997340909091,4163.003512172719
0.43966113636363646,0.689997340909091,4331.523625477817
0.455114690909091,0.689997340909091,4580.9937716047725
0.47056824545454556,0.689997340909091,4813.43195615621
0.4860218000000001,0.689997340909091,4908.768346281768
0.5014753545454547,0.689997340909091,4931.8385411484605
0.5169289090909093,0.689997340909091,5038.197394547792
0.5323824636363638,0.689997340909091,5076.28484469065
0.5478360181818183,0.689997340909091,5096.231493046204
0.5632895727272729,0.689997340909091,5102.833214623128
0.5787431272727275,0.689997340909091,5101.742525067572
0.594196681818182,0.689997340909091,5115.273302631675
0.6096502363636365,0.689997340909091,5126.505521127264
0.6251037909090911,0.689997340909091,5119.583062682819
0.6405573454545457,0.689997340909091,5130.768833976878
0.6560109000000003,0.689997340909091,5130.71974835783
0.6714644545454547,0.689997340909091,5120.897878611799
0.6869180090909093,0.689997340909091,5117.044639278465
0.7023715636363639,0.689997340909091,5108.945942326085
0.7178251181818185,0.689997340909091,5095.284854032573
0.7332786727272729,0.689997340909091,5050.941616607302
0.7487322272727275,0.689997340909091,5018.937616649393
0.7641857818181821,0.689997340909091,4968.7752207252515
0.7796393363636367,0.689997340909091,4924.898810484051
0.7950928909090911,0.689997340909091,4888.802677536254
0.8105464454545457,0.689997340909091,4812.532327609702
0.8260000000000003,0.689997340909091,4742.8887790614945
0.1460436,0.7039926090909092,3076.1536995644365
0.16149715454545455,0.7039926090909092,3077.3163435644365
0.1769507090909091,0.7039926090909092,3083.1040594789665
0.19240426363636365,0.7039926090909092,3093.804508093685
0.2078578181818182,0.7039926090909092,3103.0221218079705
0.22331137272727275,0.7039926090909092,3136.9240479667005
0.2387649272727273,0.7039926090909092,3169.079640191365
0.25421848181818185,0.7039926090909092,3216.618950016207
0.2696720363636364,0.7039926090909092,3310.503764889223
0.28512559090909095,0.7039926090909092,3505.5461166658088
0.3005791454545455,0.7039926090909092,3539.4665857134282
0.31603270000000006,0.7039926090909092,3564.449035001263
0.3314862545454546,0.7039926090909092,3618.911725057762
0.34693980909090916,0.7039926090909092,3666.6726625804035
0.3623933636363637,0.7039926090909092,3697.294295961356
0.37784691818181826,0.7039926090909092,3751.166520714936
0.3933004727272728,0.7039926090909092,3889.494796529862
0.40875402727272736,0.7039926090909092,3901.475917302589
0.4242075818181819,0.7039926090909092,4139.006496360753
0.43966113636363646,0.7039926090909092,4320.891218537647
0.455114690909091,0.7039926090909092,4568.313292664601
0.47056824545454556,0.7039926090909092,4803.250778771595
0.4860218000000001,0.7039926090909092,4900.7066468971525
0.5014753545454547,0.7039926090909092,4922.5448490971785
0.5169289090909093,0.7039926090909092,5032.22417649651
0.5323824636363638,0.7039926090909092,5066.449330639368
0.5478360181818183,0.7039926090909092,5082.925130328256
0.5632895727272729,0.7039926090909092,5084.15120990518
0.5787431272727275,0.7039926090909092,5081.94580501629
0.594196681818182,0.7039926090909092,5091.485487580393
0.6096502363636365,0.7039926090909092,5104.692349409315
0.6251037909090911,0.7039926090909092,5100.043004964871
0.6405573454545457,0.7039926090909092,5111.875810258929
0.6560109000000003,0.7039926090909092,5114.112950896292
0.6714644545454547,0.7039926090909092,5103.409257150261
0.6869180090909093,0.7039926090909092,5100.947509150261
0.7023715636363639,0.7039926090909092,5093.8161168645465
0.7178251181818185,0.7039926090909092,5080.284061237701
0.7332786727272729,0.7039926090909092,5039.719034479097
0.7487322272727275,0.7039926090909092,5006.027687187855
0.7641857818181821,0.7039926090909092,4962.623607263713
0.7796393363636367,0.7039926090909092,4919.16995768918
0.7950928909090911,0.7039926090909092,4888.330115408049
0.8105464454545457,0.7039926090909092,4814.606282609702
0.8260000000000003,0.7039926090909092,4747.372826728161
0.1460436,0.7179878772727274,3066.1482556120554
0.16149715454545455,0.7179878772727274,3067.310899612056
0.1769507090909091,0.7179878772727274,3073.0594781932523
0.19240426363636365,0.7179878772727274,3083.782590807971
0.2078578181818182,0.7179878772727274,3092.22831785559
0.22331137272727275,0.7179878772727274,3125.9202660143196
0.2387649272727273,0.7179878772727274,3157.511643982574
0.25421848181818185,0.7179878772727274,3204.449362474082
0.2696720363636364,0.7179878772727274,3297.058658013765
0.28512559090909095,0.7179878772727274,3489.7108474570173
0.3005791454545455,0.7179878772727274,3526.8165091713036
0.31603270000000006,0.7179878772727274,3551.0648544591386
0.3314862545454546,0.7179878772727274,3604.889619182304
0.34693980909090916,0.7179878772727274,3654.445464038279
0.3623933636363637,0.7179878772727274,3686.7787860858984
0.37784691818181826,0.7179878772727274,3742.849400839478
0.3933004727272728,0.7179878772727274,3878.737599321071
0.40875402727272736,0.7179878772727274,3889.419338593798
0.4242075818181819,0.7179878772727274,4126.389052676048
0.43966113636363646,0.7179878772727274,4301.509084281513
0.455114690909091,0.7179878772727274,4546.080005075135
0.47056824545454556,0.7179878772727274,4772.277130071017
0.4860218000000001,0.7179878772727274,4863.870495529908
0.5014753545454547,0.7179878772727274,4883.013006396601
0.5169289090909093,0.7179878772727274,4992.8822517959325
0.5323824636363638,0.7179878772727274,5027.91444493879
0.5478360181818183,0.7179878772727274,5032.421251294345
0.5632895727272729,0.7179878772727274,5029.500987794345
0.5787431272727275,0.7179878772727274,5027.566388905456
0.594196681818182,0.7179878772727274,5037.104662136226
0.6096502363636365,0.7179878772727274,5050.165582631815
0.6251037909090911,0.7179878772727274,5047.890556187371
0.6405573454545457,0.7179878772727274,5059.432985481429
0.6560109000000003,0.7179878772727274,5068.696193481429
0.6714644545454547,0.7179878772727274,5058.318905068731
0.6869180090909093,0.7179878772727274,5054.57527906873
0.7023715636363639,0.7179878772727274,5050.246435449683
0.7178251181818185,0.7179878772727274,5036.912062775219
0.7332786727272729,0.7179878772727274,5000.613901246052
0.7487322272727275,0.7179878772727274,4969.483373232588
0.7641857818181821,0.7179878772727274,4935.56477664178
0.7796393363636367,0.7179878772727274,4898.750746863782
0.7950928909090911,0.7179878772727274,4872.411034582652
0.8105464454545457,0.7179878772727274,4804.833857117638
0.8260000000000003,0.7179878772727274,4741.454974569431
0.1460436,0.7319831454545456,3043.049740288046
0.16149715454545455,0.7319831454545456,3044.2597442880465
0.1769507090909091,0.7319831454545456,3049.7292695359097
0.19240426363636365,0.7319831454545456,3060.560701960152
0.2078578181818182,0.7319831454545456,3069.0803743411043
0.22331137272727275,0.7319831454545456,3102.6010011665007
0.2387649272727273,0.7319831454545456,3130.0160991347548
0.25421848181818185,0.7319831454545456,3174.9720922929296
0.2696720363636364,0.7319831454545456,3273.1522304992795
0.28512559090909095,0.7319831454545456,3456.420243942532
0.3005791454545455,0.7319831454545456,3495.714253847294
0.31603270000000006,0.7319831454545456,3517.7034011351293
0.3314862545454546,0.7319831454545456,3570.0303225249613
0.34693980909090916,0.7319831454545456,3626.42466071427
0.3623933636363637,0.7319831454545456,3659.184286761889
0.37784691818181826,0.7319831454545456,3716.8418315154686
0.3933004727272728,0.7319831454545456,3850.5095622192835
0.40875402727272736,0.7319831454545456,3860.2234241586775
0.4242075818181819,0.7319831454545456,4099.5971422409275
0.43966113636363646,0.7319831454545456,4285.188882084488
0.455114690909091,0.7319831454545456,4531.926986817504
0.47056824545454556,0.7319831454545456,4761.702440480052
0.4860218000000001,0.7319831454545456,4850.890473272277
0.5014753545454547,0.7319831454545456,4868.159755472303
0.5169289090909093,0.7319831454545456,4979.126496871635
0.5323824636363638,0.7319831454545456,5016.0725980144925
0.5478360181818183,0.7319831454545456,5025.214119036714
0.5632895727272729,0.7319831454545456,5022.101773536714
0.5787431272727275,0.7319831454545456,5020.3070639811585
0.594196681818182,0.7319831454545456,5029.855033211928
0.6096502363636365,0.7319831454545456,5042.232900374183
0.6251037909090911,0.7319831454545456,5040.7273372630725
0.6405573454545457,0.7319831454545456,5052.335583223798
0.6560109000000003,0.7319831454545456,5061.018382557131
0.6714644545454547,0.7319831454545456,5051.348567477766
0.6869180090909093,0.7319831454545456,5050.247628144433
0.7023715636363639,0.7319831454545456,5046.496535858719
0.7178251181818185,0.7319831454545456,5032.731213469969
0.7332786727272729,0.7319831454545456,4995.842979961004
0.7487322272727275,0.7319831454545456,4965.317338042778
0.7641857818181821,0.7319831454545456,4932.537425451969
0.7796393363636367,0.7319831454545456,4894.742701673972
0.7950928909090911,0.7319831454545456,4868.816654726175
0.8105464454545457,0.7319831454545456,4801.783673261162
0.8260000000000003,0.7319831454545456,4740.521719518149
0.1460436,0.7459784136363639,3016.2017632483635
0.16149715454545455,0.7459784136363639,3017.317087248364
0.1769507090909091,0.7459784136363639,3022.7606124962267
0.19240426363636365,0.7459784136363639,3033.2343329204696
0.2078578181818182,0.7459784136363639,3041.6939253014216
0.22331137272727275,0.7459784136363639,3073.780404126818
0.2387649272727273,0.7459784136363639,3101.373246095072
0.25421848181818185,0.7459784136363639,3147.3427805865804
0.2696720363636364,0.7459784136363639,3244.988549459597
0.28512559090909095,0.7459784136363639,3434.7546202361827
0.3005791454545455,0.7459784136363639,3475.6705005218973
0.31603270000000006,0.7459784136363639,3497.5394471430654
0.3314862545454546,0.7459784136363639,3551.6443771995646
0.34693980909090916,0.7459784136363639,3613.085266722206
0.3623933636363637,0.7459784136363639,3643.602818103159
0.37784691818181826,0.7459784136363639,3703.061390190072
0.3933004727272728,0.7459784136363639,3831.301487084363
0.40875402727272736,0.7459784136363639,3841.11045435709
0.4242075818181819,0.7459784136363639,4071.3802004393406
0.43966113636363646,0.7459784136363639,4240.865006949567
0.455114690909091,0.7459784136363639,4478.801887015917
0.47056824545454556,0.7459784136363639,4695.962403977166
0.4860218000000001,0.7459784136363639,4779.3453954360575
0.5014753545454547,0.7459784136363639,4794.092379636084
0.5169289090909093,0.7459784136363639,4905.101292024427
0.5323824636363638,0.7459784136363639,4939.3508425006175
0.5478360181818183,0.7459784136363639,4947.178181522839
0.5632895727272729,0.7459784136363639,4943.051001641887
0.5787431272727275,0.7459784136363639,4941.593162752997
0.594196681818182,0.7459784136363639,4950.419434650434
0.6096502363636365,0.7459784136363639,4962.929746479356
0.6251037909090911,0.7459784136363639,4964.662916034912
0.6405573454545457,0.7459784136363639,4974.566452757542
0.6560109000000003,0.7459784136363639,4993.263436757541
0.6714644545454547,0.7459784136363639,4988.582588344843
0.6869180090909093,0.7459784136363639,4987.072182344843
0.7023715636363639,0.7459784136363639,4980.791460059129
0.7178251181818185,0.7459784136363639,4969.335066241808
0.7332786727272729,0.7459784136363639,4936.83974000557
0.7487322272727275,0.7459784136363639,4907.867770087344
0.7641857818181821,0.7459784136363639,4880.8918046632025
0.7796393363636367,0.7459784136363639,4850.088637385205
0.7950928909090911,0.7459784136363639,4827.172262437408
0.8105464454545457,0.7459784136363639,4768.399529639061
0.8260000000000003,0.7459784136363639,4713.666587383228
0.1460436,0.7599736818181819,3012.4366825008888
0.16149715454545455,0.7599736818181819,3013.0818625008887
0.1769507090909091,0.7599736818181819,3018.5185050820855
0.19240426363636365,0.7599736818181819,3028.8815188396616
0.2078578181818182,0.7599736818181819,3037.1233352206136
0.22331137272727275,0.7599736818181819,3068.081032934899
0.2387649272727273,0.7599736818181819,3095.249130903153
0.25421848181818185,0.7599736818181819,3140.359050727995
0.2696720363636364,0.7599736818181819,3234.8346622676777
0.28512559090909095,0.7599736818181819,3414.7971157109305
0.3005791454545455,0.7599736818181819,3454.6109259966447
0.31603270000000006,0.7599736818181819,3477.4417839511466
0.3314862545454546,0.7599736818181819,3534.3103626743123
0.34693980909090916,0.7599736818181819,3594.272404101716
0.3623933636363637,0.7599736818181819,3624.4489361493347
0.37784691818181826,0.7599736818181819,3682.7286509029145
0.3933004727272728,0.7599736818181819,3806.8642997654597
0.40875402727272736,0.7599736818181819,3815.0443658563686
0.4242075818181819,0.7599736818181819,4036.384525271952
0.43966113636363646,0.7599736818181819,4211.928258004401
0.455114690909091,0.7599736818181819,4446.110190737418
0.47056824545454556,0.7599736818181819,4655.618530255444
0.4860218000000001,0.7599736818181819,4739.579206381001
0.5014753545454547,0.7599736818181819,4755.756667247694
0.5169289090909093,0.7599736818181819,4859.993194064608
0.5323824636363638,0.7599736818181819,4890.314217874133
0.5478360181818183,0.7599736818181819,4898.193790229688
0.5632895727272729,0.7599736818181819,4888.822873205878
0.5787431272727275,0.7599736818181819,4884.095847650322
0.594196681818182,0.7599736818181819,4893.377702214425
0.6096502363636365,0.7599736818181819,4907.053575376681
0.6251037909090911,0.7599736818181819,4908.332021598903
0.6405573454545457,0.7599736818181819,4916.437242131057
0.6560109000000003,0.7599736818181819,4939.7715127977235
0.6714644545454547,0.7599736818181819,4936.085241051692
0.6869180090909093,0.7599736818181819,4930.127914385025
0.7023715636363639,0.7599736818181819,4924.292750099311
0.7178251181818185,0.7599736818181819,4913.463106948657
0.7332786727272729,0.7599736818181819,4886.309192553911
0.7487322272727275,0.7599736818181819,4861.7802919690175
0.7641857818181821,0.7599736818181819,4842.669908544876
0.7796393363636367,0.7599736818181819,4814.521368600213
0.7950928909090911,0.7599736818181819,4794.537550985749
0.8105464454545457,0.7599736818181819,4740.647376854068
0.8260000000000003,0.7599736818181819,4693.878606598236
0.1460436,0.7739689500000002,2983.5964782176165
0.16149715454545455,0.7739689500000002,2984.183178217617
0.1769507090909091,0.7739689500000002,2989.3205941321467
0.19240426363636365,0.7739689500000002,2999.8535038897226
0.2078578181818182,0.7739689500000002,3007.5379256040083
0.22331137272727275,0.7739689500000002,3035.271048651627
0.2387649272727273,0.7739689500000002,3062.8484306198807
0.25421848181818185,0.7739689500000002,3105.5872454923415
0.2696720363636364,0.7739689500000002,3200.0798230320247
0.28512559090909095,0.7739689500000002,3371.2386111419437
0.3005791454545455,0.7739689500000002,3409.6417827609916
0.31603270000000006,0.7739689500000002,3431.81779138216
0.3314862545454546,0.7739689500000002,3490.510970771992
0.34693980909090916,0.7739689500000002,3550.090384199396
0.3623933636363637,0.7739689500000002,3578.1370558660624
0.37784691818181826,0.7739689500000002,3636.0756646196423
0.3933004727272728,0.7739689500000002,3755.4715745298063
0.40875402727272736,0.7739689500000002,3764.238037287382
0.4242075818181819,0.7739689500000002,3974.6013748934415
0.43966113636363646,0.7739689500000002,4145.36199962589
0.455114690909091,0.7739689500000002,4379.667756761837
0.47056824545454556,0.7739689500000002,4584.990377356787
0.4860218000000001,0.7739689500000002,4664.785182815677
0.5014753545454547,0.7739689500000002,4679.91315614391
0.5169289090909093,0.7739689500000002,4771.5603666751085
0.5323824636363638,0.7739689500000002,4803.680699151299
0.5478360181818183,0.7739689500000002,4820.277826173521
0.5632895727272729,0.7739689500000002,4795.816149625903
0.5787431272727275,0.7739689500000002,4785.413444070347
0.594196681818182,0.7739689500000002,4794.889985967783
0.6096502363636365,0.7739689500000002,4807.174761796706
0.6251037909090911,0.7739689500000002,4806.294602018928
0.6405573454545457,0.7739689500000002,4821.622665957675
0.6560109000000003,0.7739689500000002,4851.1331886243415
0.6714644545454547,0.7739689500000002,4842.988482402119
0.6869180090909093,0.7739689500000002,4833.640697068787
0.7023715636363639,0.7739689500000002,4832.9156241164055
0.7178251181818185,0.7739689500000002,4824.547907060989
0.7332786727272729,0.7739689500000002,4802.973231777354
0.7487322272727275,0.7739689500000002,4782.606538525794
0.7641857818181821,0.7739689500000002,4766.3874231016525
0.7796393363636367,0.7739689500000002,4742.70531715699
0.7950928909090911,0.7739689500000002,4728.027418113954
0.8105464454545457,0.7739689500000002,4687.04784064894
0.8260000000000003,0.7739689500000002,4642.31091972644
0.1460436,0.7879642181818183,2935.934193440692
0.16149715454545455,0.7879642181818183,2936.4139334406923
0.1769507090909091,0.7879642181818183,2940.843299355222
0.19240426363636365,0.7879642181818183,2951.2627771127977
0.2078578181818182,0.7879642181818183,2959.54399549375
0.22331137272727275,0.7879642181818183,2986.510506541369
0.2387649272727273,0.7879642181818183,3013.8489471762896
0.25421848181818185,0.7879642181818183,3056.316419858274
0.2696720363636364,0.7879642181818183,3148.4692156201795
0.28512559090909095,0.7879642181818183,3325.514256396765
0.3005791454545455,0.7879642181818183,3359.8227353491466
0.31603270000000006,0.7879642181818183,3381.990683970315
0.3314862545454546,0.7879642181818183,3439.698918471258
0.34693980909090916,0.7879642181818183,3494.4526755299194
0.3623933636363637,0.7879642181818183,3530.072446529919
0.37784691818181826,0.7879642181818183,3586.185951283499
0.3933004727272728,0.7879642181818183,3703.9516464417834
0.40875402727272736,0.7879642181818183,3711.774379199359
0.4242075818181819,0.7879642181818183,3914.599806472085
0.43966113636363646,0.7879642181818183,4092.2182029823125
0.455114690909091,0.7879642181818183,4328.355492689688
0.47056824545454556,0.7879642181818183,4532.875091729082
0.4860218000000001,0.7879642181818183,4611.528963854639
0.5014753545454547,0.7879642181818183,4628.27520270668
0.5169289090909093,0.7879642181818183,4720.992393904547
0.5323824636363638,0.7879642181818183,4753.010379047404
0.5478360181818183,0.7879642181818183,4770.3308520696255
0.5632895727272729,0.7879642181818183,4751.22350285534
0.5787431272727275,0.7879642181818183,4735.767339966451
0.594196681818182,0.7879642181818183,4746.457801863887
0.6096502363636365,0.7879642181818183,4759.2649676928095
0.6251037909090911,0.7879642181818183,4762.922653248365
0.6405573454545457,0.7879642181818183,4778.847959377588
0.6560109000000003,0.7879642181818183,4811.180259377588
0.6714644545454547,0.7879642181818183,4803.867264488699
0.6869180090909093,0.7879642181818183,4790.2701464886995
0.7023715636363639,0.7879642181818183,4789.382090202986
0.7178251181818185,0.7879642181818183,4781.284120480902
0.7332786727272729,0.7879642181818183,4760.664219863934
0.7487322272727275,0.7879642181818183,4740.991428612375
0.7641857818181821,0.7879642181818183,4725.512529188233
0.7796393363636367,0.7879642181818183,4704.733122576902
0.7950928909090911,0.7879642181818183,4690.628337533867
0.8105464454545457,0.7879642181818183,4653.8254274021865
0.8260000000000003,0.7879642181818183,4609.69619981302
0.1460436,0.8019594863636366,2913.579352736729
0.16149715454545455,0.8019594863636366,2914.047722736729
0.1769507090909091,0.8019594863636366,2918.414923317926
0.19240426363636365,0.8019594863636366,2928.7790224088353
0.2078578181818182,0.8019594863636366,2937.279940123121
0.22331137272727275,0.8019594863636366,2963.2383371707397
0.2387649272727273,0.8019594863636366,2989.37281580566
0.25421848181818185,0.8019594863636366,3029.5097071543114
0.2696720363636364,0.8019594863636366,3120.4500182495503
0.28512559090909095,0.8019594863636366,3293.8136723594694
0.3005791454545455,0.8019594863636366,3327.253125978517
0.31603270000000006,0.8019594863636366,3348.774447061224
0.3314862545454546,0.8019594863636366,3405.304539562167
0.34693980909090916,0.8019594863636366,3464.6278166208285
0.3623933636363637,0.8019594863636366,3501.295552954162
0.37784691818181826,0.8019594863636366,3558.9168637077414
0.3933004727272728,0.8019594863636366,3671.7914941993595
0.40875402727272736,0.8019594863636366,3682.199423623602
0.4242075818181819,0.8019594863636366,3901.536142229661
0.43966113636363646,0.8019594863636366,4088.906417406555
0.455114690909091,0.8019594863636366,4331.330065113931
0.47056824545454556,0.8019594863636366,4540.535526395748
0.4860218000000001,0.8019594863636366,4629.163483187973
0.5014753545454547,0.8019594863636366,4645.869855373347
0.5169289090909093,0.8019594863636366,4739.215997904546
0.5323824636363638,0.8019594863636366,4772.697776380737
0.5478360181818183,0.8019594863636366,4791.705539402959
0.5632895727272729,0.8019594863636366,4771.091636188674
0.5787431272727275,0.8019594863636366,4758.074922633118
0.594196681818182,0.8019594863636366,4767.516021197221
0.6096502363636365,0.8019594863636366,4779.977067026143
0.6251037909090911,0.8019594863636366,4782.109045915032
0.6405573454545457,0.8019594863636366,4796.031546044255
0.6560109000000003,0.8019594863636366,4822.654041377588
0.6714644545454547,0.8019594863636366,4815.379496488699
0.6869180090909093,0.8019594863636366,4801.334479822033
0.7023715636363639,0.8019594863636366,4800.256139536319
0.7178251181818185,0.8019594863636366,4791.999003147569
0.7332786727272729,0.8019594863636366,4771.509758530601
0.7487322272727275,0.8019594863636366,4751.198647279041
0.7641857818181821,0.8019594863636366,4735.667621188233
0.7796393363636367,0.8019594863636366,4715.732995910235
0.7950928909090911,0.8019594863636366,4701.7527868672005
0.8105464454545457,0.8019594863636366,4664.37534873552
0.8260000000000003,0.8019594863636366,4620.2538671463535
0.1460436,0.8159547545454546,2864.5546537976143
0.16149715454545455,0.8159547545454546,2864.9525037976146
0.1769507090909091,0.8159547545454546,2869.6175490454775
0.19240426363636365,0.8159547545454546,2879.426486803053
0.2078578181818182,0.8159547545454546,2887.956016517339
0.22331137272727275,0.8159547545454546,2913.976093564958
0.2387649272727273,0.8159547545454546,2936.0924021998785
0.25421848181818185,0.8159547545454546,2976.4597582151964
0.2696720363636364,0.8159547545454546,3063.769677786626
0.28512559090909095,0.8159547545454546,3233.257770563212
0.3005791454545455,0.8159547545454546,3262.6326448489262
0.31603270000000006,0.8159547545454546,3282.496977264966
0.3314862545454546,0.8159547545454546,3343.2833384325763
0.34693980909090916,0.8159547545454546,3419.2402956124497
0.3623933636363637,0.8159547545454546,3459.3566732791164
0.37784691818181826,0.8159547545454546,3512.6846161865424
0.3933004727272728,0.8159547545454546,3611.8000933448266
0.40875402727272736,0.8159547545454546,3622.570436769069
0.4242075818181819,0.8159547545454546,3833.4939320417952
0.43966113636363646,0.8159547545454546,4013.1935338853555
0.455114690909091,0.8159547545454546,4249.162198259398
0.47056824545454556,0.8159547545454546,4463.52637119201
0.4860218000000001,0.8159547545454546,4551.742472650901
0.5014753545454547,0.8159547545454546,4573.3424945299685
0.5169289090909093,0.8159547545454546,4654.8943077278345
0.5323824636363638,0.8159547545454546,4692.830645537359
0.5478360181818183,0.8159547545454546,4709.707319226247
0.5632895727272729,0.8159547545454546,4688.647222011961
0.5787431272727275,0.8159547545454546,4677.2350744564055
0.594196681818182,0.8159547545454546,4684.984680353842
0.6096502363636365,0.8159547545454546,4697.833783516097
0.6251037909090911,0.8159547545454546,4703.191619071653
0.6405573454545457,0.8159547545454546,4718.5804965342095
0.6560109000000003,0.8159547545454546,4747.43069453421
0.6714644545454547,0.8159547545454546,4739.809366978654
0.6869180090909093,0.8159547545454546,4724.3660016453205
0.7023715636363639,0.8159547545454546,4726.869444026273
0.7178251181818185,0.8159547545454546,4720.302569637523
0.7332786727272729,0.8159547545454546,4700.1824263669605
0.7487322272727275,0.8159547545454546,4680.853997782067
0.7641857818181821,0.8159547545454546,4667.28987969126
0.7796393363636367,0.8159547545454546,4649.832561511302
0.7950928909090911,0.8159547545454546,4637.194541801599
0.8105464454545457,0.8159547545454546,4602.032455336586
0.8260000000000003,0.8159547545454546,4561.711251080753
0.1460436,0.8299500227272729,2777.272190528191
0.16149715454545455,0.8299500227272729,2777.681736528191
0.1769507090909091,0.8299500227272729,2782.2657257760543
0.19240426363636365,0.8299500227272729,2791.9650008669632
0.2078578181818182,0.8299500227272729,2800.1097119145825
0.22331137272727275,0.8299500227272729,2828.078856581249
0.2387649272727273,0.8299500227272729,2848.8427585495024
0.25421848181818185,0.8299500227272729,2881.7080605648207
0.2696720363636364,0.8299500227272729,2964.4132276600594
0.28512559090909095,0.8299500227272729,3112.863405579503
0.3005791454545455,0.8299500227272729,3139.053729865217
0.31603270000000006,0.8299500227272729,3157.7173609479237
0.3314862545454546,0.8299500227272729,3223.39989582982
0.34693980909090916,0.8299500227272729,3326.6858936763597
0.3623933636363637,0.8299500227272729,3374.1477473430264
0.37784691818181826,0.8299500227272729,3427.8368009171186
0.3933004727272728,0.8299500227272729,3519.292242987684
0.40875402727272736,0.8299500227272729,3528.4736124119263
0.4242075818181819,0.8299500227272729,3748.6276189227483
0.43966113636363646,0.8299500227272729,3947.800835190551
0.455114690909091,0.8299500227272729,4191.55567823126
0.47056824545454556,0.8299500227272729,4406.578021599581
0.4860218000000001,0.8299500227272729,4490.710035725138
0.5014753545454547,0.8299500227272729,4512.511970937539
0.5169289090909093,0.8299500227272729,4594.236687913184
0.5323824636363638,0.8299500227272729,4629.798838389374
0.5478360181818183,0.8299500227272729,4652.902146078263
0.5632895727272729,0.8299500227272729,4637.127894863977
0.5787431272727275,0.8299500227272729,4625.813296641755
0.594196681818182,0.8299500227272729,4632.531541872524
0.6096502363636365,0.8299500227272729,4650.2270957365345
0.6251037909090911,0.8299500227272729,4656.443929069868
0.6405573454545457,0.8299500227272729,4668.873937625423
0.6560109000000003,0.8299500227272729,4704.59731629209
0.6714644545454547,0.8299500227272729,4693.816791403201
0.6869180090909093,0.8299500227272729,4676.285612736535
0.7023715636363639,0.8299500227272729,4682.32138245082
0.7178251181818185,0.8299500227272729,4676.088472062071
0.7332786727272729,0.8299500227272729,4657.5886376803965
0.7487322272727275,0.8299500227272729,4637.499147095504
0.7641857818181821,0.8299500227272729,4624.732481004695
0.7796393363636367,0.8299500227272729,4608.889001307496
0.7950928909090911,0.8299500227272729,4596.053106931127
0.8105464454545457,0.8299500227272729,4563.244505799447
0.8260000000000003,0.8299500227272729,4525.450714876947
0.1460436,0.8439452909090912,2746.702330528191
0.16149715454545455,0.8439452909090912,2747.111876528191
0.1769507090909091,0.8439452909090912,2752.1526271093876
0.19240426363636365,0.8439452909090912,2761.0159362002964
0.2078578181818182,0.8439452909090912,2768.930108581249
0.22331137272727275,0.8439452909090912,2797.083122581249
0.2387649272727273,0.8439452909090912,2816.0920585495023
0.25421848181818185,0.8439452909090912,2848.904230564821
0.2696720363636364,0.8439452909090912,2929.242221564821
0.28512559090909095,0.8439452909090912,3080.904638817598
0.3005791454545455,0.8439452909090912,3105.7377764366456
0.31603270000000006,0.8439452909090912,3123.710068281257
0.3314862545454546,0.8439452909090912,3188.477040496486
0.34693980909090916,0.8439452909090912,3290.782344343026
0.3623933636363637,0.8439452909090912,3342.139039343026
0.37784691818181826,0.8439452909090912,3394.224026250452
0.3933004727272728,0.8439452909090912,3480.5905323210172
0.40875402727272736,0.8439452909090912,3492.0033670785933
0.4242075818181819,0.8439452909090912,3704.3816842560814
0.43966113636363646,0.8439452909090912,3904.708759857217
0.455114690909091,0.8439452909090912,4143.973400897926
0.47056824545454556,0.8439452909090912,4366.114066932914
0.4860218000000001,0.8439452909090912,4445.896007058472
0.5014753545454547,0.8439452909090912,4464.716503604206
0.5169289090909093,0.8439452909090912,4544.554218720202
0.5323824636363638,0.8439452909090912,4577.048735863059
0.5478360181818183,0.8439452909090912,4604.0523328852805
0.5632895727272729,0.8439452909090912,4592.621119670995
0.5787431272727275,0.8439452909090912,4581.511263448772
0.594196681818182,0.8439452909090912,4589.496335346208
0.6096502363636365,0.8439452909090912,4607.302951876885
0.6251037909090911,0.8439452909090912,4614.272214543552
0.6405573454545457,0.8439452909090912,4624.671801765774
0.6560109000000003,0.8439452909090912,4662.719419765775
0.6714644545454547,0.8439452909090912,4636.829752210218
0.6869180090909093,0.8439452909090912,4618.284232876886
0.7023715636363639,0.8439452909090912,4623.149463257838
0.7178251181818185,0.8439452909090912,4617.371421535755
0.7332786727272729,0.8439452909090912,4601.070019820748
0.7487322272727275,0.8439452909090912,4581.377554569188
0.7641857818181821,0.8439452909090912,4568.672720478379
0.7796393363636367,0.8439452909090912,4556.41888278118
0.7950928909090911,0.8439452909090912,4544.449176404812
0.8105464454545457,0.8439452909090912,4513.33753513278
0.8260000000000003,0.8439452909090912,4474.890415543614
0.1460436,0.8579405590909093,2718.643003861524
0.16149715454545455,0.8579405590909093,2719.0791685281906
0.1769507090909091,0.8579405590909093,2723.9641304427205
0.19240426363636365,0.8579405590909093,2732.62207153363
0.2078578181818182,0.8579405590909093,2740.0603179145824
0.22331137272727275,0.8579405590909093,2768.4189972479153
0.2387649272727273,0.8579405590909093,2789.589991216169
0.25421848181818185,0.8579405590909093,2822.696161898154
0.2696720363636364,0.8579405590909093,2904.127966231488
0.28512559090909095,0.8579405590909093,3056.134444817598
0.3005791454545455,0.8579405590909093,3078.9355584366454
0.31603270000000006,0.8579405590909093,3096.7961256145904
0.3314862545454546,0.8579405590909093,3156.233281163153
0.34693980909090916,0.8579405590909093,3255.4099336763597
0.3623933636363637,0.8579405590909093,3304.649896009693
0.37784691818181826,0.8579405590909093,3354.3893855837855
0.3933004727272728,0.8579405590909093,3438.9023701305414
0.40875402727272736,0.8579405590909093,3450.169869554784
0.4242075818181819,0.8579405590909093,3643.6611041290976
0.43966113636363646,0.8579405590909093,3836.5740317302334
0.455114690909091,0.8579405590909093,4066.926361151894
0.47056824545454556,0.8579405590909093,4272.783216520216
0.4860218000000001,0.8579405590909093,4340.705002645774
0.5014753545454547,0.8579405590909093,4355.641645858174
0.5169289090909093,0.8579405590909093,4421.76691097417
0.5323824636363638,0.8579405590909093,4451.562628117027
0.5478360181818183,0.8579405590909093,4479.0762511392495
0.5632895727272729,0.8579405590909093,4478.921179924963
0.5787431272727275,0.8579405590909093,4470.858003702741
0.594196681818182,0.8579405590909093,4484.0743996001775
0.6096502363636365,0.8579405590909093,4496.227529464187
0.6251037909090911,0.8579405590909093,4503.335956797521
0.6405573454545457,0.8579405590909093,4503.614514019743
0.6560109000000003,0.8579405590909093,4536.721462019743
0.6714644545454547,0.8579405590909093,4482.552537797521
0.6869180090909093,0.8579405590909093,4462.297515130855
0.7023715636363639,0.8579405590909093,4476.50391884514
0.7178251181818185,0.8579405590909093,4470.932290456391
0.7332786727272729,0.8579405590909093,4459.321070074717
0.7487322272727275,0.8579405590909093,4440.881776378712
0.7641857818181821,0.8579405590909093,4429.936861906951
0.7796393363636367,0.8579405590909093,4418.105259543086
0.7950928909090911,0.8579405590909093,4407.06286650005
0.8105464454545457,0.8579405590909093,4382.719063894686
0.8260000000000003,0.8579405590909093,4346.388406305519
0.1460436,0.8719358272727276,2704.9409266263146
0.16149715454545455,0.8719358272727276,2705.8612392929813
0.1769507090909091,0.8719358272727276,2710.4953552075112
0.19240426363636365,0.8719358272727276,2719.1333682984205
0.2078578181818182,0.8719358272727276,2726.5396953460395
0.22331137272727275,0.8719358272727276,2754.528500679373
0.2387649272727273,0.8719358272727276,2773.307014647626
0.25421848181818185,0.8719358272727276,2806.256667996278
0.2696720363636364,0.8719358272727276,2886.9413849962784
0.28512559090909095,0.8719358272727276,3040.580973137944
0.3005791454545455,0.8719358272727276,3063.028586090325
0.31603270000000006,0.8719358272727276,3081.1643109825554
0.3314862545454546,0.8719358272727276,3135.6164658644516
0.34693980909090916,0.8719358272727276,3233.232171044325
0.3623933636363637,0.8719358272727276,3283.798477377658
0.37784691818181826,0.8719358272727276,3330.3486989517505
0.3933004727272728,0.8719358272727276,3416.7613644508874
0.40875402727272736,0.8719358272727276,3425.666797208463
0.4242075818181819,0.8719358272727276,3612.1479552979285
0.43966113636363646,0.8719358272727276,3800.343013565731
0.455114690909091,0.8719358272727276,4023.6068243207255
0.47056824545454556,0.8719358272727276,4228.718117974761
0.4860218000000001,0.8719358272727276,4294.222334100319
0.5014753545454547,0.8719358272727276,4306.054106455577
0.5169289090909093,0.8719358272727276,4366.016160238239
0.5323824636363638,0.8719358272727276,4399.801206047763
0.5478360181818183,0.8719358272727276,4426.716600403318
0.5632895727272729,0.8719358272727276,4424.995989189032
0.5787431272727275,0.8719358272727276,4418.497474300143
0.594196681818182,0.8719358272727276,4432.211606197579
0.6096502363636365,0.8719358272727276,4446.5640693949235
0.6251037909090911,0.8719358272727276,4454.795673394923
0.6405573454545457,0.8719358272727276,4453.632246617146
0.6560109000000003,0.8719358272727276,4486.773885950479
0.6714644545454547,0.8719358272727276,4434.198398394923
0.6869180090909093,0.8719358272727276,4414.133586394923
0.7023715636363639,0.8719358272727276,4428.291895442542
0.7178251181818185,0.8719358272727276,4423.262702871974
0.7332786727272729,0.8719358272727276,4413.543992975149
0.7487322272727275,0.8719358272727276,4395.5705986124785
0.7641857818181821,0.8719358272727276,4384.681914140718
0.7796393363636367,0.8719358272727276,4373.396691776851
0.7950928909090911,0.8719358272727276,4362.354298733816
0.8105464454545457,0.8719358272727276,4338.282756128452
0.8260000000000003,0.8719358272727276,4303.493914054437
0.1460436,0.8859310954545456,2702.600013083661
0.16149715454545455,0.8859310954545456,2703.520325750328
0.1769507090909091,0.8859310954545456,2708.2578314426355
0.19240426363636365,0.8859310954545456,2716.8958445335447
0.2078578181818182,0.8859310954545456,2723.8471415811637
0.22331137272727275,0.8859310954545456,2751.727530914497
0.2387649272727273,0.8859310954545456,2770.493259390687
0.25421848181818185,0.8859310954545456,2803.464292739339
0.2696720363636364,0.8859310954545456,2880.4700229188265
0.28512559090909095,0.8859310954545456,3033.0896998223966
0.3005791454545455,0.8859310954545456,3056.6149827747777
0.31603270000000006,0.8859310954545456,3075.171495381294
0.3314862545454546,0.8859310954545456,3128.4507549298564
0.34693980909090916,0.8859310954545456,3224.66149010973
0.3623933636363637,0.8859310954545456,3274.9878877763967
0.37784691818181826,0.8859310954545456,3320.628076171002
0.3933004727272728,0.8859310954545456,3406.613408336805
0.40875402727272736,0.8859310954545456,3414.627399761048
0.4242075818181819,0.8859310954545456,3600.8645738505134
0.43966113636363646,0.8859310954545456,3787.825193832601
0.455114690909091,0.8859310954545456,3991.354181920929
0.47056824545454556,0.8859310954545456,4184.717139765441
0.4860218000000001,0.8859310954545456,4245.289137224332
0.5014753545454547,0.8859310954545456,4255.06821757959
0.5169289090909093,0.8859310954545456,4308.717055743205
0.5323824636363638,0.8859310954545456,4334.293362886062
0.5478360181818183,0.8859310954545456,4362.068671241617
0.5632895727272729,0.8859310954545456,4362.021002503521
0.5787431272727275,0.8859310954545456,4356.5104796146325
0.594196681818182,0.8859310954545456,4372.2348355120685
0.6096502363636365,0.8859310954545456,4390.531210709412
0.6251037909090911,0.8859310954545456,4405.29049737608
0.6405573454545457,0.8859310954545456,4403.408791264968
0.6560109000000003,0.8859310954545456,4433.802903264967
0.6714644545454547,0.8859310954545456,4382.297763042746
0.6869180090909093,0.8859310954545456,4362.533153042746
0.7023715636363639,0.8859310954545456,4377.438506090364
0.7178251181818185,0.8859310954545456,4372.48815085313
0.7332786727272729,0.8859310954545456,4362.028049622972
0.7487322272727275,0.8859310954545456,4345.898257926968
0.7641857818181821,0.8859310954545456,4335.068613455206
0.7796393363636367,0.8859310954545456,4323.9091030913405
0.7950928909090911,0.8859310954545456,4313.033030048306
0.8105464454545457,0.8859310954545456,4289.578201442941
0.8260000000000003,0.8859310954545456,4257.551395368926
0.1460436,0.8999263636363639,2715.6780844169944
0.16149715454545455,0.8999263636363639,2716.598397083661
0.1769507090909091,0.8999263636363639,2721.335902775969
0.19240426363636365,0.8999263636363639,2729.973915866878
0.2078578181818182,0.8999263636363639,2737.105382914497
0.22331137272727275,0.8999263636363639,2765.0862762478305
0.2387649272727273,0.8999263636363639,2784.483081390687
0.25421848181818185,0.8999263636363639,2815.076480739339
0.2696720363636364,0.8999263636363639,2883.4419649188267
0.28512559090909095,0.8999263636363639,3033.5191220446186
0.3005791454545455,0.8999263636363639,3059.2426376636668
0.31603270000000006,0.8999263636363639,3077.803520270183
0.3314862545454546,0.8999263636363639,3130.4874198187454
0.34693980909090916,0.8999263636363639,3225.6005616652856
0.3623933636363637,0.8999263636363639,3273.795975331952
0.37784691818181826,0.8999263636363639,3319.3263610598906
0.3933004727272728,0.8999263636363639,3401.375085892361
0.40875402727272736,0.8999263636363639,3409.423101316603
0.4242075818181819,0.8999263636363639,3587.9651482314653
0.43966113636363646,0.8999263636363639,3771.8163822135534
0.455114690909091,0.8999263636363639,3968.056820968548
0.47056824545454556,0.8999263636363639,4149.01517281306
0.4860218000000001,0.8999263636363639,4205.928137503402
0.5014753545454547,0.8999263636363639,4214.3786891919935
0.5169289090909093,0.8999263636363639,4266.309291133385
0.5323824636363638,0.8999263636363639,4287.080511609576
0.5478360181818183,0.8999263636363639,4309.954365298465
0.5632895727272729,0.8999263636363639,4310.154417893703
0.5787431272727275,0.8999263636363639,4301.56299967148
0.594196681818182,0.8999263636363639,4314.632599568917
0.6096502363636365,0.8999263636363639,4333.255543432926
0.6251037909090911,0.8999263636363639,4352.198442099593
0.6405573454545457,0.8999263636363639,4352.400091321816
0.6560109000000003,0.8999263636363639,4378.015928655149
0.6714644545454547,0.8999263636363639,4331.777294655149
0.6869180090909093,0.8999263636363639,4314.585708655149
0.7023715636363639,0.8999263636363639,4329.6686663694345
0.7178251181818185,0.8999263636363639,4325.490899513152
0.7332786727272729,0.8999263636363639,4316.713332282994
0.7487322272727275,0.8999263636363639,4301.894767641254
0.7641857818181821,0.8999263636363639,4291.524383836158
0.7796393363636367,0.8999263636363639,4281.137143472293
0.7950928909090911,0.8999263636363639,4270.357907762591
0.8105464454545457,0.8999263636363639,4247.204019823894
0.8260000000000003,0.8999263636363639,4217.033051083212
0.1460436,0.913921631818182,2714.18093413128
0.16149715454545455,0.913921631818182,2715.101246797947
0.1769507090909091,0.913921631818182,2719.8387524902546
0.19240426363636365,0.913921631818182,2728.461937581164
0.2078578181818182,0.913921631818182,2735.585268628783
0.22331137272727275,0.913921631818182,2763.242428628783
0.2387649272727273,0.913921631818182,2781.96126577164
0.25421848181818185,0.913921631818182,2812.4533251202915
0.2696720363636364,0.913921631818182,2880.157629299779
0.28512559090909095,0.913921631818182,3029.9017337589044
0.3005791454545455,0.913921631818182,3055.7314133779523
0.31603270000000006,0.913921631818182,3074.1386586511353
0.3314862545454546,0.913921631818182,3126.645788199698
0.34693980909090916,0.913921631818182,3219.4462647129044
0.3623933636363637,0.913921631818182,3266.5844877129043
0.37784691818181826,0.913921631818182,3312.823561440843
0.3933004727272728,0.913921631818182,3388.949232273313
0.40875402727272736,0.913921631818182,3394.852946364222
0.4242075818181819,0.913921631818182,3566.5597266124173
0.43966113636363646,0.913921631818182,3724.1106442135533
0.455114690909091,0.913921631818182,3897.4414136352143
0.47056824545454556,0.913921631818182,4039.9643554191202
0.4860218000000001,0.913921631818182,4089.2204194427954
0.5014753545454547,0.913921631818182,4097.3555637980535
0.5169289090909093,0.913921631818182,4144.116214977541
0.5323824636363638,0.913921631818182,4160.436822787065
0.5478360181818183,0.913921631818182,4177.26627314262
0.5632895727272729,0.913921631818182,4174.649709737858
0.5787431272727275,0.913921631818182,4165.624303515636
0.594196681818182,0.913921631818182,4173.223667413072
0.6096502363636365,0.913921631818182,4192.784908610415
0.6251037909090911,0.913921631818182,4213.296155943749
0.6405573454545457,0.913921631818182,4217.583934499305
0.6560109000000003,0.913921631818182,4245.314014499304
0.6714644545454547,0.913921631818182,4203.921756499304
0.6869180090909093,0.913921631818182,4188.041352499305
0.7023715636363639,0.913921631818182,4200.36995421359
0.7178251181818185,0.913921631818182,4196.151958023975
0.7332786727272729,0.913921631818182,4188.668428127149
0.7487322272727275,0.913921631818182,4174.636930152075
0.7641857818181821,0.913921631818182,4164.735942346982
0.7796393363636367,0.913921631818182,4155.906925983116
0.7950928909090911,0.913921631818182,4145.827626273413
0.8105464454545457,0.913921631818182,4124.870699668049
0.8260000000000003,0.913921631818182,4096.318511594034
0.1460436,0.9279169000000003,2679.916478797947
0.16149715454545455,0.9279169000000003,2680.8367914646137
0.1769507090909091,0.9279169000000003,2685.5742971569216
0.19240426363636365,0.9279169000000003,2694.1974822478305
0.2078578181818182,0.9279169000000003,2700.7674532954497
0.22331137272727275,0.9279169000000003,2726.0433212954495
0.2387649272727273,0.9279169000000003,2744.7621584383064
0.25421848181818185,0.9279169000000003,2774.226287120291
0.2696720363636364,0.9279169000000003,2837.4513699664453
0.28512559090909095,0.9279169000000003,2981.2974750922376
0.3005791454545455,0.9279169000000003,3005.2983807112855
0.31603270000000006,0.9279169000000003,3023.8173059844685
0.3314862545454546,0.9279169000000003,3071.8057621996977
0.34693980909090916,0.9279169000000003,3152.0018847129045
0.3623933636363637,0.9279169000000003,3193.2323710462374
0.37784691818181826,0.9279169000000003,3237.2996421075095
0.3933004727272728,0.9279169000000003,3316.2612996066464
0.40875402727272736,0.9279169000000003,3322.995147030889
0.4242075818181819,0.9279169000000003,3493.395004612418
0.43966113636363646,0.9279169000000003,3650.504912213554
0.455114690909091,0.9279169000000003,3824.4083323018813
0.47056824545454556,0.9279169000000003,3976.4617807524537
0.4860218000000001,0.9279169000000003,4027.9138574427952
0.5014753545454547,0.9279169000000003,4033.817784003182
0.5169289090909093,0.9279169000000003,4080.9463031826695
0.5323824636363638,0.9279169000000003,4096.695110992193
0.5478360181818183,0.9279169000000003,4113.642409347749
0.5632895727272729,0.9279169000000003,4105.31446927632
0.5787431272727275,0.9279169000000003,4096.595076387431
0.594196681818182,0.9279169000000003,4105.097900284867
0.6096502363636365,0.9279169000000003,4120.153889482211
0.6251037909090911,0.9279169000000003,4140.861463482211
0.6405573454545457,0.9279169000000003,4145.899262037766
0.6560109000000003,0.9279169000000003,4170.149891371099
0.6714644545454547,0.9279169000000003,4131.858425371099
0.6869180090909093,0.9279169000000003,4116.015603371099
0.7023715636363639,0.9279169000000003,4128.408588418718
0.7178251181818185,0.9279169000000003,4124.491272229103
0.7332786727272729,0.9279169000000003,4116.924772998944
0.7487322272727275,0.9279169000000003,4102.98219302387
0.7641857818181821,0.9279169000000003,4093.081445218776
0.7796393363636367,0.9279169000000003,4084.2843488549106
0.7950928909090911,0.9279169000000003,4074.2050491452082
0.8105464454545457,0.9279169000000003,4054.3013045398443
0.8260000000000003,0.9279169000000003,4025.8243804658296
